
Circuit 1 cell sg13_hv_nmos and Circuit 2 cell sg13_hv_nmos are black boxes.
Warning: Equate pins:  cell sg13_hv_nmos is a placeholder, treated as a black box.
Warning: Equate pins:  cell sg13_hv_nmos is a placeholder, treated as a black box.

Subcircuit pins:
Circuit 1: sg13_hv_nmos                    |Circuit 2: sg13_hv_nmos                    
-------------------------------------------|-------------------------------------------
1                                          |1                                          
2                                          |2                                          
3                                          |3                                          
4                                          |4                                          
---------------------------------------------------------------------------------------
Cell pin lists are equivalent.
Device classes sg13_hv_nmos and sg13_hv_nmos are equivalent.

Circuit 1 cell sg13_hv_pmos and Circuit 2 cell sg13_hv_pmos are black boxes.
Warning: Equate pins:  cell sg13_hv_pmos is a placeholder, treated as a black box.
Warning: Equate pins:  cell sg13_hv_pmos is a placeholder, treated as a black box.

Subcircuit pins:
Circuit 1: sg13_hv_pmos                    |Circuit 2: sg13_hv_pmos                    
-------------------------------------------|-------------------------------------------
1                                          |1                                          
2                                          |2                                          
3                                          |3                                          
4                                          |4                                          
---------------------------------------------------------------------------------------
Cell pin lists are equivalent.
Device classes sg13_hv_pmos and sg13_hv_pmos are equivalent.

Circuit 1 cell rppd and Circuit 2 cell rppd are black boxes.
Warning: Equate pins:  cell rppd is a placeholder, treated as a black box.
Warning: Equate pins:  cell rppd is a placeholder, treated as a black box.

Subcircuit pins:
Circuit 1: rppd                            |Circuit 2: rppd                            
-------------------------------------------|-------------------------------------------
1                                          |1                                          
2                                          |2                                          
3                                          |3                                          
---------------------------------------------------------------------------------------
Cell pin lists are equivalent.
Device classes rppd and rppd are equivalent.

Circuit 1 cell rsil and Circuit 2 cell rsil are black boxes.
Warning: Equate pins:  cell rsil is a placeholder, treated as a black box.
Warning: Equate pins:  cell rsil is a placeholder, treated as a black box.

Subcircuit pins:
Circuit 1: rsil                            |Circuit 2: rsil                            
-------------------------------------------|-------------------------------------------
1                                          |1                                          
2                                          |2                                          
3                                          |3                                          
---------------------------------------------------------------------------------------
Cell pin lists are equivalent.
Device classes rsil and rsil are equivalent.

Circuit 1 cell rhigh and Circuit 2 cell rhigh are black boxes.
Warning: Equate pins:  cell rhigh is a placeholder, treated as a black box.
Warning: Equate pins:  cell rhigh is a placeholder, treated as a black box.

Subcircuit pins:
Circuit 1: rhigh                           |Circuit 2: rhigh                           
-------------------------------------------|-------------------------------------------
1                                          |1                                          
2                                          |2                                          
3                                          |3                                          
---------------------------------------------------------------------------------------
Cell pin lists are equivalent.
Device classes rhigh and rhigh are equivalent.
Flattening unmatched subcell switched_cap_cell in circuit heichips26_vcr (1)(1 instance)
Flattening unmatched subcell transmission_gate in circuit heichips26_vcr (1)(4 instances)
Flattening unmatched subcell osc in circuit heichips26_vcr (1)(1 instance)
Flattening unmatched subcell hv_mux4 in circuit heichips26_vcr (1)(1 instance)
Flattening unmatched subcell hv_nor4 in circuit heichips26_vcr (1)(1 instance)
Flattening unmatched subcell hv_nor in circuit heichips26_vcr (1)(4 instances)
Flattening unmatched subcell vco in circuit heichips26_vcr (1)(1 instance)
Flattening unmatched subcell hv_rs-ff in circuit heichips26_vcr (1)(1 instance)
Flattening unmatched subcell hv_nand in circuit heichips26_vcr (1)(2 instances)
Flattening unmatched subcell comp_pmos in circuit heichips26_vcr (1)(1 instance)
Flattening unmatched subcell comp_nmos in circuit heichips26_vcr (1)(1 instance)
Flattening unmatched subcell voltage_mirror_pmos in circuit heichips26_vcr (1)(1 instance)
Flattening unmatched subcell hv_inverter_6u5 in circuit heichips26_vcr (1)(2 instances)
Flattening unmatched subcell bias_current_generator in circuit heichips26_vcr (1)(1 instance)
Flattening unmatched subcell current_reference_40uA in circuit heichips26_vcr (1)(1 instance)
Flattening unmatched subcell pulse_shaper_en in circuit heichips26_vcr (1)(1 instance)
Flattening unmatched subcell low_th_inverter in circuit heichips26_vcr (1)(1 instance)
Flattening unmatched subcell high_th_inverter in circuit heichips26_vcr (1)(1 instance)
Flattening unmatched subcell hv_inverter_40u in circuit heichips26_vcr (1)(5 instances)
Flattening unmatched subcell hv_inverter_0u3 in circuit heichips26_vcr (1)(1 instance)
Flattening unmatched subcell hv_nor in circuit heichips26_vcr (1)(1 instance)
Flattening unmatched subcell hv_nand in circuit heichips26_vcr (1)(1 instance)
Flattening unmatched subcell hv_binary_decoder4 in circuit heichips26_vcr (1)(1 instance)
Flattening unmatched subcell hv_inverter_40u in circuit heichips26_vcr (1)(2 instances)
Flattening unmatched subcell hv_nand in circuit heichips26_vcr (1)(4 instances)
Flattening unmatched subcell lvl_shift_up in circuit heichips26_vcr (1)(9 instances)
Flattening unmatched subcell hv_inverter_6u5 in circuit heichips26_vcr (1)(9 instances)
Flattening unmatched subcell YadavVCR in circuit heichips26_vcr (1)(1 instance)
Flattening unmatched subcell analog_switch_3pst in circuit heichips26_vcr (1)(2 instances)
Flattening unmatched subcell transmission_gate in circuit heichips26_vcr (1)(6 instances)
Flattening unmatched subcell hv_inverter_40u in circuit heichips26_vcr (1)(2 instances)
Flattening unmatched subcell lvl_shift_up in circuit heichips26_vcr (1)(2 instances)
Flattening unmatched subcell hv_inverter_6u5 in circuit heichips26_vcr (1)(2 instances)
Flattening unmatched subcell net_tie in circuit heichips26_vcr (1)(2 instances)
Flattening unmatched subcell vcr_bisection in circuit heichips26_vcr (1)(1 instance)
Flattening unmatched subcell voltage_sum in circuit heichips26_vcr (1)(1 instance)
Flattening unmatched subcell opamp_rtr in circuit heichips26_vcr (1)(3 instances)
Flattening unmatched subcell isource_beta in circuit heichips26_vcr (1)(3 instances)

Cell heichips26_vcr (0) disconnected node: uo_out[0]
Cell heichips26_vcr (0) disconnected node: clk
Cell heichips26_vcr (0) disconnected node: ena
Cell heichips26_vcr (0) disconnected node: rst_n
Cell heichips26_vcr (0) disconnected node: ui_in[7]
Cell heichips26_vcr (0) disconnected node: uio_in[0]
Cell heichips26_vcr (0) disconnected node: uio_in[1]
Cell heichips26_vcr (0) disconnected node: uio_in[2]
Cell heichips26_vcr (0) disconnected node: uio_in[3]
Cell heichips26_vcr (0) disconnected node: uio_oe[0]
Cell heichips26_vcr (0) disconnected node: uio_oe[1]
Cell heichips26_vcr (0) disconnected node: uio_oe[2]
Cell heichips26_vcr (0) disconnected node: uio_oe[3]
Cell heichips26_vcr (0) disconnected node: uio_oe[4]
Cell heichips26_vcr (0) disconnected node: uio_oe[5]
Cell heichips26_vcr (0) disconnected node: uio_oe[6]
Cell heichips26_vcr (0) disconnected node: uio_oe[7]
Cell heichips26_vcr (0) disconnected node: uio_out[0]
Cell heichips26_vcr (0) disconnected node: uio_out[1]
Cell heichips26_vcr (0) disconnected node: uio_out[2]
Cell heichips26_vcr (0) disconnected node: uio_out[3]
Cell heichips26_vcr (0) disconnected node: uio_out[4]
Cell heichips26_vcr (0) disconnected node: uio_out[5]
Cell heichips26_vcr (0) disconnected node: uio_out[6]
Cell heichips26_vcr (0) disconnected node: uio_out[7]
Cell heichips26_vcr (0) disconnected node: uo_out[1]
Cell heichips26_vcr (0) disconnected node: uo_out[2]
Cell heichips26_vcr (0) disconnected node: uo_out[3]
Cell heichips26_vcr (0) disconnected node: uo_out[4]
Cell heichips26_vcr (0) disconnected node: uo_out[5]
Cell heichips26_vcr (0) disconnected node: uo_out[6]
Cell heichips26_vcr (1) disconnected node: rst_n
Cell heichips26_vcr (1) disconnected node: clk
Cell heichips26_vcr (1) disconnected node: ena
Cell heichips26_vcr (1) disconnected node: uio_in[3]
Cell heichips26_vcr (1) disconnected node: uio_in[2]
Cell heichips26_vcr (1) disconnected node: uio_in[1]
Cell heichips26_vcr (1) disconnected node: uio_in[0]
Cell heichips26_vcr (1) disconnected node: ui_in[7]
Cell heichips26_vcr (1) disconnected node: uio_oe[7]
Cell heichips26_vcr (1) disconnected node: uio_oe[6]
Cell heichips26_vcr (1) disconnected node: uio_oe[5]
Cell heichips26_vcr (1) disconnected node: uio_oe[4]
Cell heichips26_vcr (1) disconnected node: uio_oe[3]
Cell heichips26_vcr (1) disconnected node: uio_oe[2]
Cell heichips26_vcr (1) disconnected node: uio_oe[1]
Cell heichips26_vcr (1) disconnected node: uio_oe[0]
Cell heichips26_vcr (1) disconnected node: uio_out[7]
Cell heichips26_vcr (1) disconnected node: uio_out[6]
Cell heichips26_vcr (1) disconnected node: uio_out[5]
Cell heichips26_vcr (1) disconnected node: uio_out[4]
Cell heichips26_vcr (1) disconnected node: uio_out[3]
Cell heichips26_vcr (1) disconnected node: uio_out[2]
Cell heichips26_vcr (1) disconnected node: uio_out[1]
Cell heichips26_vcr (1) disconnected node: uio_out[0]
Cell heichips26_vcr (1) disconnected node: uo_out[6]
Cell heichips26_vcr (1) disconnected node: uo_out[5]
Cell heichips26_vcr (1) disconnected node: uo_out[4]
Cell heichips26_vcr (1) disconnected node: uo_out[3]
Cell heichips26_vcr (1) disconnected node: uo_out[2]
Cell heichips26_vcr (1) disconnected node: uo_out[1]
Cell heichips26_vcr (1) disconnected node: uo_out[0]
Removing zero-valued device vsrc from cell heichips26_vcr (1) makes a better match
Removing zero-valued device vsrc from cell heichips26_vcr (1) makes a better match
Making another compare attempt.

Cell heichips26_vcr (0) disconnected node: uo_out[0]
Cell heichips26_vcr (0) disconnected node: clk
Cell heichips26_vcr (0) disconnected node: ena
Cell heichips26_vcr (0) disconnected node: rst_n
Cell heichips26_vcr (0) disconnected node: ui_in[7]
Cell heichips26_vcr (0) disconnected node: uio_in[0]
Cell heichips26_vcr (0) disconnected node: uio_in[1]
Cell heichips26_vcr (0) disconnected node: uio_in[2]
Cell heichips26_vcr (0) disconnected node: uio_in[3]
Cell heichips26_vcr (0) disconnected node: uio_oe[0]
Cell heichips26_vcr (0) disconnected node: uio_oe[1]
Cell heichips26_vcr (0) disconnected node: uio_oe[2]
Cell heichips26_vcr (0) disconnected node: uio_oe[3]
Cell heichips26_vcr (0) disconnected node: uio_oe[4]
Cell heichips26_vcr (0) disconnected node: uio_oe[5]
Cell heichips26_vcr (0) disconnected node: uio_oe[6]
Cell heichips26_vcr (0) disconnected node: uio_oe[7]
Cell heichips26_vcr (0) disconnected node: uio_out[0]
Cell heichips26_vcr (0) disconnected node: uio_out[1]
Cell heichips26_vcr (0) disconnected node: uio_out[2]
Cell heichips26_vcr (0) disconnected node: uio_out[3]
Cell heichips26_vcr (0) disconnected node: uio_out[4]
Cell heichips26_vcr (0) disconnected node: uio_out[5]
Cell heichips26_vcr (0) disconnected node: uio_out[6]
Cell heichips26_vcr (0) disconnected node: uio_out[7]
Cell heichips26_vcr (0) disconnected node: uo_out[1]
Cell heichips26_vcr (0) disconnected node: uo_out[2]
Cell heichips26_vcr (0) disconnected node: uo_out[3]
Cell heichips26_vcr (0) disconnected node: uo_out[4]
Cell heichips26_vcr (0) disconnected node: uo_out[5]
Cell heichips26_vcr (0) disconnected node: uo_out[6]
Cell heichips26_vcr (1) disconnected node: rst_n
Cell heichips26_vcr (1) disconnected node: clk
Cell heichips26_vcr (1) disconnected node: ena
Cell heichips26_vcr (1) disconnected node: uio_in[3]
Cell heichips26_vcr (1) disconnected node: uio_in[2]
Cell heichips26_vcr (1) disconnected node: uio_in[1]
Cell heichips26_vcr (1) disconnected node: uio_in[0]
Cell heichips26_vcr (1) disconnected node: ui_in[7]
Cell heichips26_vcr (1) disconnected node: uio_oe[7]
Cell heichips26_vcr (1) disconnected node: uio_oe[6]
Cell heichips26_vcr (1) disconnected node: uio_oe[5]
Cell heichips26_vcr (1) disconnected node: uio_oe[4]
Cell heichips26_vcr (1) disconnected node: uio_oe[3]
Cell heichips26_vcr (1) disconnected node: uio_oe[2]
Cell heichips26_vcr (1) disconnected node: uio_oe[1]
Cell heichips26_vcr (1) disconnected node: uio_oe[0]
Cell heichips26_vcr (1) disconnected node: uio_out[7]
Cell heichips26_vcr (1) disconnected node: uio_out[6]
Cell heichips26_vcr (1) disconnected node: uio_out[5]
Cell heichips26_vcr (1) disconnected node: uio_out[4]
Cell heichips26_vcr (1) disconnected node: uio_out[3]
Cell heichips26_vcr (1) disconnected node: uio_out[2]
Cell heichips26_vcr (1) disconnected node: uio_out[1]
Cell heichips26_vcr (1) disconnected node: uio_out[0]
Cell heichips26_vcr (1) disconnected node: uo_out[6]
Cell heichips26_vcr (1) disconnected node: uo_out[5]
Cell heichips26_vcr (1) disconnected node: uo_out[4]
Cell heichips26_vcr (1) disconnected node: uo_out[3]
Cell heichips26_vcr (1) disconnected node: uo_out[2]
Cell heichips26_vcr (1) disconnected node: uo_out[1]
Cell heichips26_vcr (1) disconnected node: uo_out[0]
Class heichips26_vcr (0):  Merged 1205 parallel devices.
Class heichips26_vcr (0):  Merged 180 series devices.
Class heichips26_vcr (1):  Merged 24 parallel devices.
Cell heichips26_vcr (0) disconnected node: uo_out[0]
Cell heichips26_vcr (0) disconnected node: clk
Cell heichips26_vcr (0) disconnected node: ena
Cell heichips26_vcr (0) disconnected node: rst_n
Cell heichips26_vcr (0) disconnected node: ui_in[7]
Cell heichips26_vcr (0) disconnected node: uio_in[0]
Cell heichips26_vcr (0) disconnected node: uio_in[1]
Cell heichips26_vcr (0) disconnected node: uio_in[2]
Cell heichips26_vcr (0) disconnected node: uio_in[3]
Cell heichips26_vcr (0) disconnected node: uio_oe[0]
Cell heichips26_vcr (0) disconnected node: uio_oe[1]
Cell heichips26_vcr (0) disconnected node: uio_oe[2]
Cell heichips26_vcr (0) disconnected node: uio_oe[3]
Cell heichips26_vcr (0) disconnected node: uio_oe[4]
Cell heichips26_vcr (0) disconnected node: uio_oe[5]
Cell heichips26_vcr (0) disconnected node: uio_oe[6]
Cell heichips26_vcr (0) disconnected node: uio_oe[7]
Cell heichips26_vcr (0) disconnected node: uio_out[0]
Cell heichips26_vcr (0) disconnected node: uio_out[1]
Cell heichips26_vcr (0) disconnected node: uio_out[2]
Cell heichips26_vcr (0) disconnected node: uio_out[3]
Cell heichips26_vcr (0) disconnected node: uio_out[4]
Cell heichips26_vcr (0) disconnected node: uio_out[5]
Cell heichips26_vcr (0) disconnected node: uio_out[6]
Cell heichips26_vcr (0) disconnected node: uio_out[7]
Cell heichips26_vcr (0) disconnected node: uo_out[1]
Cell heichips26_vcr (0) disconnected node: uo_out[2]
Cell heichips26_vcr (0) disconnected node: uo_out[3]
Cell heichips26_vcr (0) disconnected node: uo_out[4]
Cell heichips26_vcr (0) disconnected node: uo_out[5]
Cell heichips26_vcr (0) disconnected node: uo_out[6]
Cell heichips26_vcr (1) disconnected node: rst_n
Cell heichips26_vcr (1) disconnected node: clk
Cell heichips26_vcr (1) disconnected node: ena
Cell heichips26_vcr (1) disconnected node: uio_in[3]
Cell heichips26_vcr (1) disconnected node: uio_in[2]
Cell heichips26_vcr (1) disconnected node: uio_in[1]
Cell heichips26_vcr (1) disconnected node: uio_in[0]
Cell heichips26_vcr (1) disconnected node: ui_in[7]
Cell heichips26_vcr (1) disconnected node: uio_oe[7]
Cell heichips26_vcr (1) disconnected node: uio_oe[6]
Cell heichips26_vcr (1) disconnected node: uio_oe[5]
Cell heichips26_vcr (1) disconnected node: uio_oe[4]
Cell heichips26_vcr (1) disconnected node: uio_oe[3]
Cell heichips26_vcr (1) disconnected node: uio_oe[2]
Cell heichips26_vcr (1) disconnected node: uio_oe[1]
Cell heichips26_vcr (1) disconnected node: uio_oe[0]
Cell heichips26_vcr (1) disconnected node: uio_out[7]
Cell heichips26_vcr (1) disconnected node: uio_out[6]
Cell heichips26_vcr (1) disconnected node: uio_out[5]
Cell heichips26_vcr (1) disconnected node: uio_out[4]
Cell heichips26_vcr (1) disconnected node: uio_out[3]
Cell heichips26_vcr (1) disconnected node: uio_out[2]
Cell heichips26_vcr (1) disconnected node: uio_out[1]
Cell heichips26_vcr (1) disconnected node: uio_out[0]
Cell heichips26_vcr (1) disconnected node: uo_out[6]
Cell heichips26_vcr (1) disconnected node: uo_out[5]
Cell heichips26_vcr (1) disconnected node: uo_out[4]
Cell heichips26_vcr (1) disconnected node: uo_out[3]
Cell heichips26_vcr (1) disconnected node: uo_out[2]
Cell heichips26_vcr (1) disconnected node: uo_out[1]
Cell heichips26_vcr (1) disconnected node: uo_out[0]
Subcircuit summary:
Circuit 1: heichips26_vcr                  |Circuit 2: heichips26_vcr                  
-------------------------------------------|-------------------------------------------
sg13_hv_pmos (694->173)                    |sg13_hv_pmos (178->173)                    
sg13_hv_nmos (873->201)                    |sg13_hv_nmos (221->201)                    
rppd (153->23)                             |rppd (30->23)                              
rhigh (41->10)                             |rhigh (15->10)                             
rsil (32->1)                               |rsil (1)                                   
Number of devices: 408                     |Number of devices: 408                     
Number of nets: 207                        |Number of nets: 207                        
---------------------------------------------------------------------------------------
Netlists match uniquely with property errors.
rsil:1596 vs. switched_cap_cell:1/vco:5/bias_current_generator:8/current_reference_40uA:4/rsil:R3:
 l circuit1: 0.00032   circuit2: 0.000365   (delta=13.1%, cutoff=1%)
rsil:1596 vs. switched_cap_cell:1/vco:5/bias_current_generator:8/current_reference_40uA:4/rsil:R3:
Property mm_ok in circuit2 has no matching property in circuit1
rsil:1596 vs. switched_cap_cell:1/vco:5/bias_current_generator:8/current_reference_40uA:4/rsil:R3:
Property mm_ok in circuit2 has no matching property in circuit1
rhigh:836 vs. switched_cap_cell:1/vco:5/voltage_mirror_pmos:2/rhigh:R1:
Property mm_ok in circuit2 has no matching property in circuit1
rhigh:836 vs. switched_cap_cell:1/vco:5/voltage_mirror_pmos:2/rhigh:R1:
Property mm_ok in circuit2 has no matching property in circuit1
rhigh:557 vs. switched_cap_cell:1/vco:5/voltage_mirror_pmos:2/rhigh:R2:
Property mm_ok in circuit2 has no matching property in circuit1
rhigh:557 vs. switched_cap_cell:1/vco:5/voltage_mirror_pmos:2/rhigh:R2:
Property mm_ok in circuit2 has no matching property in circuit1
rhigh:762 vs. switched_cap_cell:1/vco:5/voltage_mirror_pmos:2/rhigh:R3:
Property mm_ok in circuit2 has no matching property in circuit1
rhigh:762 vs. switched_cap_cell:1/vco:5/voltage_mirror_pmos:2/rhigh:R3:
Property mm_ok in circuit2 has no matching property in circuit1
rhigh:235 vs. vcr_bisection:8/voltage_sum:4/opamp_rtr:1/rhigh:RDUMMY:
Property mm_ok in circuit2 has no matching property in circuit1
rhigh:1101 vs. vcr_bisection:8/voltage_sum:4/opamp_rtr:1/rhigh:R4:
Property mm_ok in circuit2 has no matching property in circuit1
rhigh:1101 vs. vcr_bisection:8/voltage_sum:4/opamp_rtr:1/rhigh:R4:
Property mm_ok in circuit2 has no matching property in circuit1
rhigh:1094 vs. vcr_bisection:8/opamp_rtr:2/rhigh:R2:
Property mm_ok in circuit2 has no matching property in circuit1
rhigh:1094 vs. vcr_bisection:8/opamp_rtr:2/rhigh:R2:
Property mm_ok in circuit2 has no matching property in circuit1
rhigh:563 vs. vcr_bisection:8/voltage_sum:4/opamp_rtr:1/rhigh:R2:
Property mm_ok in circuit2 has no matching property in circuit1
rhigh:563 vs. vcr_bisection:8/voltage_sum:4/opamp_rtr:1/rhigh:R2:
Property mm_ok in circuit2 has no matching property in circuit1
rhigh:556 vs. vcr_bisection:8/opamp_rtr:1/rhigh:R2:
Property mm_ok in circuit2 has no matching property in circuit1
rhigh:556 vs. vcr_bisection:8/opamp_rtr:1/rhigh:R2:
Property mm_ok in circuit2 has no matching property in circuit1
rhigh:443 vs. vcr_bisection:8/opamp_rtr:1/rhigh:R4:
Property mm_ok in circuit2 has no matching property in circuit1
rhigh:443 vs. vcr_bisection:8/opamp_rtr:1/rhigh:R4:
Property mm_ok in circuit2 has no matching property in circuit1
rhigh:440 vs. vcr_bisection:8/opamp_rtr:2/rhigh:R4:
Property mm_ok in circuit2 has no matching property in circuit1
rhigh:440 vs. vcr_bisection:8/opamp_rtr:2/rhigh:R4:
Property mm_ok in circuit2 has no matching property in circuit1
rppd:486 vs. switched_cap_cell:1/vco:5/bias_current_generator:8/current_reference_40uA:4/rppd:R2:
Property mm_ok in circuit2 has no matching property in circuit1
rppd:486 vs. switched_cap_cell:1/vco:5/bias_current_generator:8/current_reference_40uA:4/rppd:R2:
Property mm_ok in circuit2 has no matching property in circuit1
rppd:554 vs. vcr_bisection:8/isource_beta:3/rppd:R1:
Property mm_ok in circuit2 has no matching property in circuit1
rppd:340 vs. vcr_bisection:8/voltage_sum:4/rppd:R1:
Property mm_ok in circuit2 has no matching property in circuit1
rppd:340 vs. vcr_bisection:8/voltage_sum:4/rppd:R1:
Property mm_ok in circuit2 has no matching property in circuit1
rppd:257 vs. vcr_bisection:8/voltage_sum:4/rppd:R4:
Property mm_ok in circuit2 has no matching property in circuit1
rppd:257 vs. vcr_bisection:8/voltage_sum:4/rppd:R4:
Property mm_ok in circuit2 has no matching property in circuit1
rppd:482 vs. vcr_bisection:8/isource_beta:3/rppd:R10:
Property mm_ok in circuit2 has no matching property in circuit1
rppd:482 vs. vcr_bisection:8/isource_beta:3/rppd:R10:
Property mm_ok in circuit2 has no matching property in circuit1
rppd:369 vs. vcr_bisection:8/isource_beta:5/rppd:R10:
Property mm_ok in circuit2 has no matching property in circuit1
rppd:369 vs. vcr_bisection:8/isource_beta:5/rppd:R10:
Property mm_ok in circuit2 has no matching property in circuit1
rppd:208 vs. vcr_bisection:8/isource_beta:6/rppd:R10:
Property mm_ok in circuit2 has no matching property in circuit1
rppd:208 vs. vcr_bisection:8/isource_beta:6/rppd:R10:
Property mm_ok in circuit2 has no matching property in circuit1
rppd:252 vs. vcr_bisection:8/voltage_sum:4/rppd:R3:
Property mm_ok in circuit2 has no matching property in circuit1
rppd:252 vs. vcr_bisection:8/voltage_sum:4/rppd:R3:
Property mm_ok in circuit2 has no matching property in circuit1
rppd:40 vs. vcr_bisection:8/isource_beta:3/rppd:R2:
Property mm_ok in circuit2 has no matching property in circuit1
rppd:40 vs. vcr_bisection:8/isource_beta:3/rppd:R2:
Property mm_ok in circuit2 has no matching property in circuit1
rppd:1727 vs. vcr_bisection:8/isource_beta:5/rppd:R2:
Property mm_ok in circuit2 has no matching property in circuit1
rppd:1727 vs. vcr_bisection:8/isource_beta:5/rppd:R2:
Property mm_ok in circuit2 has no matching property in circuit1
rppd:1570 vs. vcr_bisection:8/isource_beta:6/rppd:R2:
Property mm_ok in circuit2 has no matching property in circuit1
rppd:1570 vs. vcr_bisection:8/isource_beta:6/rppd:R2:
Property mm_ok in circuit2 has no matching property in circuit1
rppd:1205 vs. vcr_bisection:8/isource_beta:3/rppd:R4:
Property mm_ok in circuit2 has no matching property in circuit1
rppd:1205 vs. vcr_bisection:8/isource_beta:3/rppd:R4:
Property mm_ok in circuit2 has no matching property in circuit1
rppd:1071 vs. vcr_bisection:8/isource_beta:5/rppd:R4:
Property mm_ok in circuit2 has no matching property in circuit1
rppd:1071 vs. vcr_bisection:8/isource_beta:5/rppd:R4:
Property mm_ok in circuit2 has no matching property in circuit1
rppd:909 vs. vcr_bisection:8/isource_beta:6/rppd:R4:
Property mm_ok in circuit2 has no matching property in circuit1
rppd:909 vs. vcr_bisection:8/isource_beta:6/rppd:R4:
Property mm_ok in circuit2 has no matching property in circuit1
rppd:1041 vs. vcr_bisection:8/isource_beta:3/rppd:R5:
Property mm_ok in circuit2 has no matching property in circuit1
rppd:1041 vs. vcr_bisection:8/isource_beta:3/rppd:R5:
Property mm_ok in circuit2 has no matching property in circuit1
rppd:913 vs. vcr_bisection:8/isource_beta:5/rppd:R5:
Property mm_ok in circuit2 has no matching property in circuit1
rppd:913 vs. vcr_bisection:8/isource_beta:5/rppd:R5:
Property mm_ok in circuit2 has no matching property in circuit1
rppd:758 vs. vcr_bisection:8/isource_beta:6/rppd:R5:
Property mm_ok in circuit2 has no matching property in circuit1
rppd:758 vs. vcr_bisection:8/isource_beta:6/rppd:R5:
Property mm_ok in circuit2 has no matching property in circuit1
rppd:161 vs. vcr_bisection:8/voltage_sum:4/rppd:R2:
Property mm_ok in circuit2 has no matching property in circuit1
rppd:161 vs. vcr_bisection:8/voltage_sum:4/rppd:R2:
Property mm_ok in circuit2 has no matching property in circuit1
rppd:361 vs. vcr_bisection:8/isource_beta:6/rppd:R3:
Property mm_ok in circuit2 has no matching property in circuit1
rppd:361 vs. vcr_bisection:8/isource_beta:6/rppd:R3:
Property mm_ok in circuit2 has no matching property in circuit1
rppd:159 vs. vcr_bisection:8/isource_beta:3/rppd:R3:
Property mm_ok in circuit2 has no matching property in circuit1
rppd:159 vs. vcr_bisection:8/isource_beta:3/rppd:R3:
Property mm_ok in circuit2 has no matching property in circuit1
rppd:47 vs. vcr_bisection:8/isource_beta:5/rppd:R3:
Property mm_ok in circuit2 has no matching property in circuit1
rppd:47 vs. vcr_bisection:8/isource_beta:5/rppd:R3:
Property mm_ok in circuit2 has no matching property in circuit1
rppd:363 vs. vcr_bisection:8/rppd:R4:
Property mm_ok in circuit2 has no matching property in circuit1
rppd:363 vs. vcr_bisection:8/rppd:R4:
Property mm_ok in circuit2 has no matching property in circuit1
rppd:1279 vs. vcr_bisection:8/rppd:R1:
Property mm_ok in circuit2 has no matching property in circuit1
rppd:1279 vs. vcr_bisection:8/rppd:R1:
Property mm_ok in circuit2 has no matching property in circuit1
sg13_hv_nmos:110 vs. switched_cap_cell:1/transmission_gate:2/sg13_hv_nmos:M3:
 l circuit1: "4.5e-07"   (unresolved expression)  (property type mismatch)
 w circuit1: "2e-06"   (unresolved expression)  (property type mismatch)
sg13_hv_nmos:110 vs. switched_cap_cell:1/transmission_gate:2/sg13_hv_nmos:M3:
Property mm_ok in circuit2 has no matching property in circuit1
sg13_hv_nmos:76 vs. switched_cap_cell:1/transmission_gate:6/sg13_hv_nmos:M3:
 l circuit1: "4.5e-07"   (unresolved expression)  (property type mismatch)
 w circuit1: "2e-06"   (unresolved expression)  (property type mismatch)
sg13_hv_nmos:76 vs. switched_cap_cell:1/transmission_gate:6/sg13_hv_nmos:M3:
Property mm_ok in circuit2 has no matching property in circuit1
sg13_hv_nmos:576 vs. switched_cap_cell:1/hv_mux4:4/hv_nor:4/sg13_hv_nmos:M1:
 l circuit1: "4.5e-07"   (unresolved expression)  (property type mismatch)
 w circuit1: "3e-06"   (unresolved expression)  (property type mismatch)
sg13_hv_nmos:576 vs. switched_cap_cell:1/hv_mux4:4/hv_nor:4/sg13_hv_nmos:M1:
Property mm_ok in circuit2 has no matching property in circuit1
sg13_hv_nmos:153 vs. switched_cap_cell:1/hv_mux4:4/hv_nor:5/sg13_hv_nmos:M2:
 l circuit1: "4.5e-07"   (unresolved expression)  (property type mismatch)
 w circuit1: "3e-06"   (unresolved expression)  (property type mismatch)
sg13_hv_nmos:153 vs. switched_cap_cell:1/hv_mux4:4/hv_nor:5/sg13_hv_nmos:M2:
Property mm_ok in circuit2 has no matching property in circuit1
sg13_hv_nmos:123 vs. switched_cap_cell:1/vco:5/sg13_hv_nmos:M4:
Property mm_ok in circuit2 has no matching property in circuit1
sg13_hv_nmos:123 vs. switched_cap_cell:1/vco:5/sg13_hv_nmos:M4:
Property mm_ok in circuit2 has no matching property in circuit1
sg13_hv_nmos:603 vs. switched_cap_cell:1/vco:5/hv_rs-ff:1/hv_nand:4/sg13_hv_nmos:M2:
 l circuit1: 4.5e-07   (unresolved expression)  (property type mismatch)
 w circuit1: 1.2e-05   (unresolved expression)  (property type mismatch)
sg13_hv_nmos:603 vs. switched_cap_cell:1/vco:5/hv_rs-ff:1/hv_nand:4/sg13_hv_nmos:M2:
Property mm_ok in circuit2 has no matching property in circuit1
sg13_hv_nmos:397 vs. switched_cap_cell:1/vco:5/hv_rs-ff:1/hv_nand:4/sg13_hv_nmos:M1:
 l circuit1: 4.5e-07   (unresolved expression)  (property type mismatch)
 w circuit1: 1.2e-05   (unresolved expression)  (property type mismatch)
sg13_hv_nmos:397 vs. switched_cap_cell:1/vco:5/hv_rs-ff:1/hv_nand:4/sg13_hv_nmos:M1:
Property mm_ok in circuit2 has no matching property in circuit1
sg13_hv_nmos:189 vs. switched_cap_cell:1/vco:5/hv_rs-ff:1/hv_nand:5/sg13_hv_nmos:M2:
 l circuit1: 4.5e-07   (unresolved expression)  (property type mismatch)
 w circuit1: 1.2e-05   (unresolved expression)  (property type mismatch)
sg13_hv_nmos:189 vs. switched_cap_cell:1/vco:5/hv_rs-ff:1/hv_nand:5/sg13_hv_nmos:M2:
Property mm_ok in circuit2 has no matching property in circuit1
sg13_hv_nmos:311 vs. switched_cap_cell:1/vco:5/comp_pmos:5/sg13_hv_nmos:M16:
 l circuit1: 1.5e-06   "n_l"  (property type mismatch)
 w circuit1: 1.2e-06   "n_w"  (property type mismatch)
sg13_hv_nmos:311 vs. switched_cap_cell:1/vco:5/comp_pmos:5/sg13_hv_nmos:M16:
Property mm_ok in circuit2 has no matching property in circuit1
sg13_hv_nmos:311 vs. switched_cap_cell:1/vco:5/comp_pmos:5/sg13_hv_nmos:M16:
Property mm_ok in circuit2 has no matching property in circuit1
sg13_hv_nmos:1765 vs. switched_cap_cell:1/vco:5/comp_nmos:7/sg13_hv_nmos:M8:
 l circuit1: 1.5e-06   "n_l"  (property type mismatch)
 w circuit1: 1.2e-06   "n_w"  (property type mismatch)
sg13_hv_nmos:1765 vs. switched_cap_cell:1/vco:5/comp_nmos:7/sg13_hv_nmos:M8:
Property mm_ok in circuit2 has no matching property in circuit1
sg13_hv_nmos:1765 vs. switched_cap_cell:1/vco:5/comp_nmos:7/sg13_hv_nmos:M8:
Property mm_ok in circuit2 has no matching property in circuit1
sg13_hv_nmos:1385 vs. switched_cap_cell:1/vco:5/comp_nmos:7/sg13_hv_nmos:M3:
 l circuit1: 1.5e-06   "n_l"  (property type mismatch)
 w circuit1: 1.2e-06   "n_w"  (property type mismatch)
sg13_hv_nmos:1385 vs. switched_cap_cell:1/vco:5/comp_nmos:7/sg13_hv_nmos:M3:
Property mm_ok in circuit2 has no matching property in circuit1
sg13_hv_nmos:1385 vs. switched_cap_cell:1/vco:5/comp_nmos:7/sg13_hv_nmos:M3:
Property mm_ok in circuit2 has no matching property in circuit1
sg13_hv_nmos:868 vs. switched_cap_cell:1/vco:5/bias_current_generator:8/current_reference_40uA:4/sg13_hv_nmos:M3:
 l circuit1: 5e-06   "n_l"  (property type mismatch)
 w circuit1: 6e-06   "n_w"  (property type mismatch)
sg13_hv_nmos:868 vs. switched_cap_cell:1/vco:5/bias_current_generator:8/current_reference_40uA:4/sg13_hv_nmos:M3:
Property mm_ok in circuit2 has no matching property in circuit1
sg13_hv_nmos:1500 vs. switched_cap_cell:1/vco:5/bias_current_generator:8/sg13_hv_nmos:M29:
 l circuit1: 5e-06   "cm_n_l"  (property type mismatch)
 w circuit1: 6e-06   "cm_n_w"  (property type mismatch)
sg13_hv_nmos:1500 vs. switched_cap_cell:1/vco:5/bias_current_generator:8/sg13_hv_nmos:M29:
Property mm_ok in circuit2 has no matching property in circuit1
sg13_hv_nmos:1500 vs. switched_cap_cell:1/vco:5/bias_current_generator:8/sg13_hv_nmos:M29:
Property mm_ok in circuit2 has no matching property in circuit1
sg13_hv_nmos:1491 vs. switched_cap_cell:1/osc:1/sg13_hv_nmos:M12:
Property mm_ok in circuit2 has no matching property in circuit1
sg13_hv_nmos:1491 vs. switched_cap_cell:1/osc:1/sg13_hv_nmos:M12:
Property mm_ok in circuit2 has no matching property in circuit1
sg13_hv_nmos:3 vs. switched_cap_cell:1/vco:5/hv_rs-ff:1/hv_nand:5/sg13_hv_nmos:M1:
 l circuit1: 4.5e-07   (unresolved expression)  (property type mismatch)
 w circuit1: 1.2e-05   (unresolved expression)  (property type mismatch)
sg13_hv_nmos:3 vs. switched_cap_cell:1/vco:5/hv_rs-ff:1/hv_nand:5/sg13_hv_nmos:M1:
Property mm_ok in circuit2 has no matching property in circuit1
sg13_hv_nmos:722 vs. switched_cap_cell:1/pulse_shaper_en:3/low_th_inverter:7/sg13_hv_nmos:M1:
 l circuit1: 4.5e-07   (unresolved expression)  (property type mismatch)
 w circuit1: 2e-06   (unresolved expression)  (property type mismatch)
sg13_hv_nmos:722 vs. switched_cap_cell:1/pulse_shaper_en:3/low_th_inverter:7/sg13_hv_nmos:M1:
Property mm_ok in circuit2 has no matching property in circuit1
sg13_hv_nmos:313 vs. switched_cap_cell:1/pulse_shaper_en:3/high_th_inverter:8/sg13_hv_nmos:M1:
 l circuit1: 4.5e-07   (unresolved expression)  (property type mismatch)
 w circuit1: 2e-06   (unresolved expression)  (property type mismatch)
sg13_hv_nmos:313 vs. switched_cap_cell:1/pulse_shaper_en:3/high_th_inverter:8/sg13_hv_nmos:M1:
Property mm_ok in circuit2 has no matching property in circuit1
sg13_hv_nmos:342 vs. switched_cap_cell:1/pulse_shaper_en:3/hv_inverter_40u:10/sg13_hv_nmos:M2:
 l circuit1: 4.5e-07   (unresolved expression)  (property type mismatch)
 w circuit1: 1.2e-05   (unresolved expression)  (property type mismatch)
sg13_hv_nmos:342 vs. switched_cap_cell:1/pulse_shaper_en:3/hv_inverter_40u:10/sg13_hv_nmos:M2:
Property mm_ok in circuit2 has no matching property in circuit1
sg13_hv_nmos:83 vs. switched_cap_cell:1/pulse_shaper_en:3/hv_inverter_40u:11/sg13_hv_nmos:M2:
 l circuit1: 4.5e-07   (unresolved expression)  (property type mismatch)
 w circuit1: 1.2e-05   (unresolved expression)  (property type mismatch)
sg13_hv_nmos:83 vs. switched_cap_cell:1/pulse_shaper_en:3/hv_inverter_40u:11/sg13_hv_nmos:M2:
Property mm_ok in circuit2 has no matching property in circuit1
sg13_hv_nmos:932 vs. switched_cap_cell:1/pulse_shaper_en:3/hv_inverter_0u3:1/sg13_hv_nmos:M2:
 l circuit1: 4.5e-07   (unresolved expression)  (property type mismatch)
 w circuit1: 3e-07   (unresolved expression)  (property type mismatch)
sg13_hv_nmos:932 vs. switched_cap_cell:1/pulse_shaper_en:3/hv_inverter_0u3:1/sg13_hv_nmos:M2:
Property mm_ok in circuit2 has no matching property in circuit1
sg13_hv_nmos:932 vs. switched_cap_cell:1/pulse_shaper_en:3/hv_inverter_0u3:1/sg13_hv_nmos:M2:
Property mm_ok in circuit2 has no matching property in circuit1
sg13_hv_nmos:1253 vs. switched_cap_cell:1/vco:5/bias_current_generator:8/sg13_hv_nmos:M3:
 l circuit1: 5e-06   "cm_n_l"  (property type mismatch)
 w circuit1: 6e-06   "cm_n_w"  (property type mismatch)
sg13_hv_nmos:1253 vs. switched_cap_cell:1/vco:5/bias_current_generator:8/sg13_hv_nmos:M3:
Property mm_ok in circuit2 has no matching property in circuit1
sg13_hv_nmos:1253 vs. switched_cap_cell:1/vco:5/bias_current_generator:8/sg13_hv_nmos:M3:
Property mm_ok in circuit2 has no matching property in circuit1
sg13_hv_nmos:593 vs. switched_cap_cell:1/vco:5/bias_current_generator:8/current_reference_40uA:4/sg13_hv_nmos:M7:
 l circuit1: 5e-06   "n_l"  (property type mismatch)
 w circuit1: 6e-06   "n_w"  (property type mismatch)
sg13_hv_nmos:593 vs. switched_cap_cell:1/vco:5/bias_current_generator:8/current_reference_40uA:4/sg13_hv_nmos:M7:
Property mm_ok in circuit2 has no matching property in circuit1
sg13_hv_nmos:593 vs. switched_cap_cell:1/vco:5/bias_current_generator:8/current_reference_40uA:4/sg13_hv_nmos:M7:
Property mm_ok in circuit2 has no matching property in circuit1
sg13_hv_nmos:251 vs. switched_cap_cell:1/pulse_shaper_en:3/hv_nor:5/sg13_hv_nmos:M1:
 l circuit1: 4.5e-07   (unresolved expression)  (property type mismatch)
 w circuit1: 1.2e-05   (unresolved expression)  (property type mismatch)
sg13_hv_nmos:251 vs. switched_cap_cell:1/pulse_shaper_en:3/hv_nor:5/sg13_hv_nmos:M1:
Property mm_ok in circuit2 has no matching property in circuit1
sg13_hv_nmos:447 vs. switched_cap_cell:1/pulse_shaper_en:3/hv_nand:4/sg13_hv_nmos:M2:
 l circuit1: 4.5e-07   (unresolved expression)  (property type mismatch)
 w circuit1: 1.2e-05   (unresolved expression)  (property type mismatch)
sg13_hv_nmos:447 vs. switched_cap_cell:1/pulse_shaper_en:3/hv_nand:4/sg13_hv_nmos:M2:
Property mm_ok in circuit2 has no matching property in circuit1
sg13_hv_nmos:42 vs. switched_cap_cell:1/pulse_shaper_en:3/hv_nand:4/sg13_hv_nmos:M1:
 l circuit1: 4.5e-07   (unresolved expression)  (property type mismatch)
 w circuit1: 1.2e-05   (unresolved expression)  (property type mismatch)
sg13_hv_nmos:42 vs. switched_cap_cell:1/pulse_shaper_en:3/hv_nand:4/sg13_hv_nmos:M1:
Property mm_ok in circuit2 has no matching property in circuit1
sg13_hv_nmos:88 vs. switched_cap_cell:1/hv_binary_decoder4:7/hv_nand:7/sg13_hv_nmos:M2:
 l circuit1: 4.5e-07   (unresolved expression)  (property type mismatch)
 w circuit1: 1.2e-05   (unresolved expression)  (property type mismatch)
sg13_hv_nmos:88 vs. switched_cap_cell:1/hv_binary_decoder4:7/hv_nand:7/sg13_hv_nmos:M2:
Property mm_ok in circuit2 has no matching property in circuit1
sg13_hv_nmos:561 vs. switched_cap_cell:1/hv_binary_decoder4:7/hv_nand:9/sg13_hv_nmos:M1:
 l circuit1: 4.5e-07   (unresolved expression)  (property type mismatch)
 w circuit1: 1.2e-05   (unresolved expression)  (property type mismatch)
sg13_hv_nmos:561 vs. switched_cap_cell:1/hv_binary_decoder4:7/hv_nand:9/sg13_hv_nmos:M1:
Property mm_ok in circuit2 has no matching property in circuit1
sg13_hv_nmos:290 vs. switched_cap_cell:1/hv_binary_decoder4:7/hv_nand:7/sg13_hv_nmos:M1:
 l circuit1: 4.5e-07   (unresolved expression)  (property type mismatch)
 w circuit1: 1.2e-05   (unresolved expression)  (property type mismatch)
sg13_hv_nmos:290 vs. switched_cap_cell:1/hv_binary_decoder4:7/hv_nand:7/sg13_hv_nmos:M1:
Property mm_ok in circuit2 has no matching property in circuit1
sg13_hv_nmos:923 vs. switched_cap_cell:1/hv_binary_decoder4:7/hv_inverter_40u:10/sg13_hv_nmos:M2:
 l circuit1: 4.5e-07   (unresolved expression)  (property type mismatch)
 w circuit1: 1.2e-05   (unresolved expression)  (property type mismatch)
sg13_hv_nmos:923 vs. switched_cap_cell:1/hv_binary_decoder4:7/hv_inverter_40u:10/sg13_hv_nmos:M2:
Property mm_ok in circuit2 has no matching property in circuit1
sg13_hv_nmos:325 vs. switched_cap_cell:1/hv_binary_decoder4:7/hv_inverter_40u:3/sg13_hv_nmos:M2:
 l circuit1: 4.5e-07   (unresolved expression)  (property type mismatch)
 w circuit1: 1.2e-05   (unresolved expression)  (property type mismatch)
sg13_hv_nmos:325 vs. switched_cap_cell:1/hv_binary_decoder4:7/hv_inverter_40u:3/sg13_hv_nmos:M2:
Property mm_ok in circuit2 has no matching property in circuit1
sg13_hv_nmos:142 vs. switched_cap_cell:1/hv_binary_decoder4:7/hv_nand:11/sg13_hv_nmos:M2:
 l circuit1: 4.5e-07   (unresolved expression)  (property type mismatch)
 w circuit1: 1.2e-05   (unresolved expression)  (property type mismatch)
sg13_hv_nmos:142 vs. switched_cap_cell:1/hv_binary_decoder4:7/hv_nand:11/sg13_hv_nmos:M2:
Property mm_ok in circuit2 has no matching property in circuit1
sg13_hv_nmos:707 vs. switched_cap_cell:1/hv_binary_decoder4:7/hv_nand:8/sg13_hv_nmos:M2:
 l circuit1: 4.5e-07   (unresolved expression)  (property type mismatch)
 w circuit1: 1.2e-05   (unresolved expression)  (property type mismatch)
sg13_hv_nmos:707 vs. switched_cap_cell:1/hv_binary_decoder4:7/hv_nand:8/sg13_hv_nmos:M2:
Property mm_ok in circuit2 has no matching property in circuit1
sg13_hv_nmos:360 vs. switched_cap_cell:1/hv_binary_decoder4:7/hv_nand:9/sg13_hv_nmos:M2:
 l circuit1: 4.5e-07   (unresolved expression)  (property type mismatch)
 w circuit1: 1.2e-05   (unresolved expression)  (property type mismatch)
sg13_hv_nmos:360 vs. switched_cap_cell:1/hv_binary_decoder4:7/hv_nand:9/sg13_hv_nmos:M2:
Property mm_ok in circuit2 has no matching property in circuit1
sg13_hv_nmos:353 vs. switched_cap_cell:1/hv_binary_decoder4:7/hv_nand:11/sg13_hv_nmos:M1:
 l circuit1: 4.5e-07   (unresolved expression)  (property type mismatch)
 w circuit1: 1.2e-05   (unresolved expression)  (property type mismatch)
sg13_hv_nmos:353 vs. switched_cap_cell:1/hv_binary_decoder4:7/hv_nand:11/sg13_hv_nmos:M1:
Property mm_ok in circuit2 has no matching property in circuit1
sg13_hv_nmos:148 vs. switched_cap_cell:1/hv_binary_decoder4:7/hv_nand:8/sg13_hv_nmos:M1:
 l circuit1: 4.5e-07   (unresolved expression)  (property type mismatch)
 w circuit1: 1.2e-05   (unresolved expression)  (property type mismatch)
sg13_hv_nmos:148 vs. switched_cap_cell:1/hv_binary_decoder4:7/hv_nand:8/sg13_hv_nmos:M1:
Property mm_ok in circuit2 has no matching property in circuit1
sg13_hv_nmos:12 vs. switched_cap_cell:1/transmission_gate:8/sg13_hv_nmos:M3:
 l circuit1: 4.5e-07   (unresolved expression)  (property type mismatch)
 w circuit1: 4e-05   (unresolved expression)  (property type mismatch)
sg13_hv_nmos:12 vs. switched_cap_cell:1/transmission_gate:8/sg13_hv_nmos:M3:
Property mm_ok in circuit2 has no matching property in circuit1
sg13_hv_nmos:253 vs. switched_cap_cell:1/hv_inverter_40u:9/sg13_hv_nmos:M2:
 l circuit1: 4.5e-07   (unresolved expression)  (property type mismatch)
 w circuit1: 1.2e-05   (unresolved expression)  (property type mismatch)
sg13_hv_nmos:253 vs. switched_cap_cell:1/hv_inverter_40u:9/sg13_hv_nmos:M2:
Property mm_ok in circuit2 has no matching property in circuit1
sg13_hv_nmos:737 vs. switched_cap_cell:1/hv_inverter_40u:14/sg13_hv_nmos:M2:
 l circuit1: 4.5e-07   (unresolved expression)  (property type mismatch)
 w circuit1: 1.2e-05   (unresolved expression)  (property type mismatch)
sg13_hv_nmos:737 vs. switched_cap_cell:1/hv_inverter_40u:14/sg13_hv_nmos:M2:
Property mm_ok in circuit2 has no matching property in circuit1
sg13_hv_nmos:160 vs. switched_cap_cell:1/transmission_gate:16/sg13_hv_nmos:M3:
 l circuit1: 4.5e-07   (unresolved expression)  (property type mismatch)
 w circuit1: 4e-05   (unresolved expression)  (property type mismatch)
sg13_hv_nmos:160 vs. switched_cap_cell:1/transmission_gate:16/sg13_hv_nmos:M3:
Property mm_ok in circuit2 has no matching property in circuit1
sg13_hv_nmos:1312 vs. YadavVCR:5/sg13_hv_nmos:M1:
Property mm_ok in circuit2 has no matching property in circuit1
sg13_hv_nmos:1312 vs. YadavVCR:5/sg13_hv_nmos:M1:
Property mm_ok in circuit2 has no matching property in circuit1
sg13_hv_nmos:213 vs. YadavVCR:5/sg13_hv_nmos:M2:
Property mm_ok in circuit2 has no matching property in circuit1
sg13_hv_nmos:213 vs. YadavVCR:5/sg13_hv_nmos:M2:
Property mm_ok in circuit2 has no matching property in circuit1
sg13_hv_nmos:911 vs. YadavVCR:5/sg13_hv_nmos:M6:
Property mm_ok in circuit2 has no matching property in circuit1
sg13_hv_nmos:911 vs. YadavVCR:5/sg13_hv_nmos:M6:
Property mm_ok in circuit2 has no matching property in circuit1
sg13_hv_nmos:592 vs. YadavVCR:5/sg13_hv_nmos:M5:
Property mm_ok in circuit2 has no matching property in circuit1
sg13_hv_nmos:592 vs. YadavVCR:5/sg13_hv_nmos:M5:
Property mm_ok in circuit2 has no matching property in circuit1
sg13_hv_nmos:1748 vs. YadavVCR:5/sg13_hv_nmos:M8:
Property mm_ok in circuit2 has no matching property in circuit1
sg13_hv_nmos:1748 vs. YadavVCR:5/sg13_hv_nmos:M8:
Property mm_ok in circuit2 has no matching property in circuit1
sg13_hv_nmos:1703 vs. YadavVCR:5/sg13_hv_nmos:M7:
Property mm_ok in circuit2 has no matching property in circuit1
sg13_hv_nmos:1703 vs. YadavVCR:5/sg13_hv_nmos:M7:
Property mm_ok in circuit2 has no matching property in circuit1
sg13_hv_nmos:1158 vs. switched_cap_cell:1/vco:5/comp_pmos:5/sg13_hv_nmos:M14:
 l circuit1: 1.5e-06   "n_l"  (property type mismatch)
 w circuit1: 1.2e-06   "n_w"  (property type mismatch)
sg13_hv_nmos:1158 vs. switched_cap_cell:1/vco:5/comp_pmos:5/sg13_hv_nmos:M14:
Property mm_ok in circuit2 has no matching property in circuit1
sg13_hv_nmos:1158 vs. switched_cap_cell:1/vco:5/comp_pmos:5/sg13_hv_nmos:M14:
Property mm_ok in circuit2 has no matching property in circuit1
sg13_hv_nmos:613 vs. switched_cap_cell:1/vco:5/voltage_mirror_pmos:2/sg13_hv_nmos:M5:
 l circuit1: 5e-06   "n_l"  (property type mismatch)
 w circuit1: 6e-06   "n_w"  (property type mismatch)
sg13_hv_nmos:613 vs. switched_cap_cell:1/vco:5/voltage_mirror_pmos:2/sg13_hv_nmos:M5:
Property mm_ok in circuit2 has no matching property in circuit1
sg13_hv_nmos:613 vs. switched_cap_cell:1/vco:5/voltage_mirror_pmos:2/sg13_hv_nmos:M5:
Property mm_ok in circuit2 has no matching property in circuit1
sg13_hv_nmos:1600 vs. YadavVCR:5/sg13_hv_nmos:M3:
Property mm_ok in circuit2 has no matching property in circuit1
sg13_hv_nmos:1600 vs. YadavVCR:5/sg13_hv_nmos:M3:
Property mm_ok in circuit2 has no matching property in circuit1
sg13_hv_nmos:1018 vs. YadavVCR:5/sg13_hv_nmos:M4:
Property mm_ok in circuit2 has no matching property in circuit1
sg13_hv_nmos:1018 vs. YadavVCR:5/sg13_hv_nmos:M4:
Property mm_ok in circuit2 has no matching property in circuit1
sg13_hv_nmos:214 vs. YadavVCR:5/sg13_hv_nmos:M10:
Property mm_ok in circuit2 has no matching property in circuit1
sg13_hv_nmos:214 vs. YadavVCR:5/sg13_hv_nmos:M10:
Property mm_ok in circuit2 has no matching property in circuit1
sg13_hv_nmos:912 vs. YadavVCR:5/sg13_hv_nmos:M12:
Property mm_ok in circuit2 has no matching property in circuit1
sg13_hv_nmos:912 vs. YadavVCR:5/sg13_hv_nmos:M12:
Property mm_ok in circuit2 has no matching property in circuit1
sg13_hv_nmos:45 vs. switched_cap_cell:1/pulse_shaper_en:3/hv_nor:5/sg13_hv_nmos:M2:
 l circuit1: 4.5e-07   (unresolved expression)  (property type mismatch)
 w circuit1: 1.2e-05   (unresolved expression)  (property type mismatch)
sg13_hv_nmos:45 vs. switched_cap_cell:1/pulse_shaper_en:3/hv_nor:5/sg13_hv_nmos:M2:
Property mm_ok in circuit2 has no matching property in circuit1
sg13_hv_nmos:36 vs. analog_switch_3pst:3/transmission_gate:6/sg13_hv_nmos:M3:
 l circuit1: 4.5e-07   (unresolved expression)  (property type mismatch)
 w circuit1: 4e-05   (unresolved expression)  (property type mismatch)
sg13_hv_nmos:36 vs. analog_switch_3pst:3/transmission_gate:6/sg13_hv_nmos:M3:
Property mm_ok in circuit2 has no matching property in circuit1
sg13_hv_nmos:73 vs. analog_switch_3pst:3/transmission_gate:1/sg13_hv_nmos:M3:
 l circuit1: 4.5e-07   (unresolved expression)  (property type mismatch)
 w circuit1: 4e-05   (unresolved expression)  (property type mismatch)
sg13_hv_nmos:73 vs. analog_switch_3pst:3/transmission_gate:1/sg13_hv_nmos:M3:
Property mm_ok in circuit2 has no matching property in circuit1
sg13_hv_nmos:56 vs. analog_switch_3pst:3/transmission_gate:3/sg13_hv_nmos:M3:
 l circuit1: 4.5e-07   (unresolved expression)  (property type mismatch)
 w circuit1: 4e-05   (unresolved expression)  (property type mismatch)
sg13_hv_nmos:56 vs. analog_switch_3pst:3/transmission_gate:3/sg13_hv_nmos:M3:
Property mm_ok in circuit2 has no matching property in circuit1
sg13_hv_nmos:35 vs. analog_switch_3pst:4/transmission_gate:6/sg13_hv_nmos:M3:
 l circuit1: 4.5e-07   (unresolved expression)  (property type mismatch)
 w circuit1: 4e-05   (unresolved expression)  (property type mismatch)
sg13_hv_nmos:35 vs. analog_switch_3pst:4/transmission_gate:6/sg13_hv_nmos:M3:
Property mm_ok in circuit2 has no matching property in circuit1
sg13_hv_nmos:545 vs. switched_cap_cell:1/hv_inverter_40u:15/sg13_hv_nmos:M2:
 l circuit1: 4.5e-07   (unresolved expression)  (property type mismatch)
 w circuit1: 1.2e-05   (unresolved expression)  (property type mismatch)
sg13_hv_nmos:545 vs. switched_cap_cell:1/hv_inverter_40u:15/sg13_hv_nmos:M2:
Property mm_ok in circuit2 has no matching property in circuit1
sg13_hv_nmos:59 vs. analog_switch_3pst:3/hv_inverter_40u:7/sg13_hv_nmos:M2:
 l circuit1: 4.5e-07   (unresolved expression)  (property type mismatch)
 w circuit1: 1.2e-05   (unresolved expression)  (property type mismatch)
sg13_hv_nmos:59 vs. analog_switch_3pst:3/hv_inverter_40u:7/sg13_hv_nmos:M2:
Property mm_ok in circuit2 has no matching property in circuit1
sg13_hv_nmos:16 vs. analog_switch_3pst:4/hv_inverter_40u:7/sg13_hv_nmos:M2:
 l circuit1: 4.5e-07   (unresolved expression)  (property type mismatch)
 w circuit1: 1.2e-05   (unresolved expression)  (property type mismatch)
sg13_hv_nmos:16 vs. analog_switch_3pst:4/hv_inverter_40u:7/sg13_hv_nmos:M2:
Property mm_ok in circuit2 has no matching property in circuit1
sg13_hv_nmos:145 vs. analog_switch_3pst:4/transmission_gate:3/sg13_hv_nmos:M3:
 l circuit1: 4.5e-07   (unresolved expression)  (property type mismatch)
 w circuit1: 4e-05   (unresolved expression)  (property type mismatch)
sg13_hv_nmos:145 vs. analog_switch_3pst:4/transmission_gate:3/sg13_hv_nmos:M3:
Property mm_ok in circuit2 has no matching property in circuit1
sg13_hv_nmos:1360 vs. switched_cap_cell:1/lvl_shift_up:13/hv_inverter_6u5:4/sg13_hv_nmos:M2:
 l circuit1: 4.5e-07   (unresolved expression)  (property type mismatch)
 w circuit1: 2e-06   (unresolved expression)  (property type mismatch)
sg13_hv_nmos:1360 vs. switched_cap_cell:1/lvl_shift_up:13/hv_inverter_6u5:4/sg13_hv_nmos:M2:
Property mm_ok in circuit2 has no matching property in circuit1
sg13_hv_nmos:1360 vs. switched_cap_cell:1/lvl_shift_up:13/hv_inverter_6u5:4/sg13_hv_nmos:M2:
Property mm_ok in circuit2 has no matching property in circuit1
sg13_hv_nmos:1163 vs. analog_switch_3pst:4/lvl_shift_up:8/hv_inverter_6u5:4/sg13_hv_nmos:M2:
 l circuit1: 4.5e-07   (unresolved expression)  (property type mismatch)
 w circuit1: 2e-06   (unresolved expression)  (property type mismatch)
sg13_hv_nmos:1163 vs. analog_switch_3pst:4/lvl_shift_up:8/hv_inverter_6u5:4/sg13_hv_nmos:M2:
Property mm_ok in circuit2 has no matching property in circuit1
sg13_hv_nmos:1163 vs. analog_switch_3pst:4/lvl_shift_up:8/hv_inverter_6u5:4/sg13_hv_nmos:M2:
Property mm_ok in circuit2 has no matching property in circuit1
sg13_hv_nmos:308 vs. analog_switch_3pst:3/lvl_shift_up:8/hv_inverter_6u5:4/sg13_hv_nmos:M2:
 l circuit1: 4.5e-07   (unresolved expression)  (property type mismatch)
 w circuit1: 2e-06   (unresolved expression)  (property type mismatch)
sg13_hv_nmos:308 vs. analog_switch_3pst:3/lvl_shift_up:8/hv_inverter_6u5:4/sg13_hv_nmos:M2:
Property mm_ok in circuit2 has no matching property in circuit1
sg13_hv_nmos:308 vs. analog_switch_3pst:3/lvl_shift_up:8/hv_inverter_6u5:4/sg13_hv_nmos:M2:
Property mm_ok in circuit2 has no matching property in circuit1
sg13_hv_nmos:26 vs. analog_switch_3pst:4/transmission_gate:1/sg13_hv_nmos:M3:
 l circuit1: 4.5e-07   (unresolved expression)  (property type mismatch)
 w circuit1: 4e-05   (unresolved expression)  (property type mismatch)
sg13_hv_nmos:26 vs. analog_switch_3pst:4/transmission_gate:1/sg13_hv_nmos:M3:
Property mm_ok in circuit2 has no matching property in circuit1
sg13_hv_nmos:241 vs. vcr_bisection:8/voltage_sum:4/opamp_rtr:1/sg13_hv_nmos:XM6:
 l circuit1: 2e-06   (unresolved expression)  (property type mismatch)
 w circuit1: 5e-06   (unresolved expression)  (property type mismatch)
sg13_hv_nmos:241 vs. vcr_bisection:8/voltage_sum:4/opamp_rtr:1/sg13_hv_nmos:XM6:
Property mm_ok in circuit2 has no matching property in circuit1
sg13_hv_nmos:339 vs. vcr_bisection:8/voltage_sum:4/opamp_rtr:1/sg13_hv_nmos:XM7:
 l circuit1: 2e-06   (unresolved expression)  (property type mismatch)
 w circuit1: 5e-06   (unresolved expression)  (property type mismatch)
sg13_hv_nmos:339 vs. vcr_bisection:8/voltage_sum:4/opamp_rtr:1/sg13_hv_nmos:XM7:
Property mm_ok in circuit2 has no matching property in circuit1
sg13_hv_nmos:343 vs. vcr_bisection:8/voltage_sum:4/opamp_rtr:1/sg13_hv_nmos:XM12:
 l circuit1: 1e-06   (unresolved expression)  (property type mismatch)
 w circuit1: 2e-05   (unresolved expression)  (property type mismatch)
sg13_hv_nmos:343 vs. vcr_bisection:8/voltage_sum:4/opamp_rtr:1/sg13_hv_nmos:XM12:
Property mm_ok in circuit2 has no matching property in circuit1
sg13_hv_nmos:34 vs. vcr_bisection:8/voltage_sum:4/opamp_rtr:1/sg13_hv_nmos:DUMMY4:
Property mm_ok in circuit2 has no matching property in circuit1
sg13_hv_nmos:34 vs. vcr_bisection:8/voltage_sum:4/opamp_rtr:1/sg13_hv_nmos:DUMMY4:
Property mm_ok in circuit2 has no matching property in circuit1
sg13_hv_nmos:568 vs. vcr_bisection:8/sg13_hv_nmos:M1:
Property mm_ok in circuit2 has no matching property in circuit1
sg13_hv_nmos:212 vs. vcr_bisection:8/opamp_rtr:1/sg13_hv_nmos:XM6:
 l circuit1: 2e-06   (unresolved expression)  (property type mismatch)
 w circuit1: 5e-06   (unresolved expression)  (property type mismatch)
sg13_hv_nmos:212 vs. vcr_bisection:8/opamp_rtr:1/sg13_hv_nmos:XM6:
Property mm_ok in circuit2 has no matching property in circuit1
sg13_hv_nmos:240 vs. vcr_bisection:8/opamp_rtr:2/sg13_hv_nmos:XM6:
 l circuit1: 2e-06   (unresolved expression)  (property type mismatch)
 w circuit1: 5e-06   (unresolved expression)  (property type mismatch)
sg13_hv_nmos:240 vs. vcr_bisection:8/opamp_rtr:2/sg13_hv_nmos:XM6:
Property mm_ok in circuit2 has no matching property in circuit1
sg13_hv_nmos:654 vs. vcr_bisection:8/opamp_rtr:1/sg13_hv_nmos:XM5:
 l circuit1: 4e-06   (unresolved expression)  (property type mismatch)
 w circuit1: 5e-06   (unresolved expression)  (property type mismatch)
sg13_hv_nmos:654 vs. vcr_bisection:8/opamp_rtr:1/sg13_hv_nmos:XM5:
Property mm_ok in circuit2 has no matching property in circuit1
sg13_hv_nmos:521 vs. vcr_bisection:8/opamp_rtr:2/sg13_hv_nmos:XM5:
 l circuit1: 4e-06   (unresolved expression)  (property type mismatch)
 w circuit1: 5e-06   (unresolved expression)  (property type mismatch)
sg13_hv_nmos:521 vs. vcr_bisection:8/opamp_rtr:2/sg13_hv_nmos:XM5:
Property mm_ok in circuit2 has no matching property in circuit1
sg13_hv_nmos:109 vs. vcr_bisection:8/voltage_sum:4/opamp_rtr:1/sg13_hv_nmos:XM5:
 l circuit1: 4e-06   (unresolved expression)  (property type mismatch)
 w circuit1: 5e-06   (unresolved expression)  (property type mismatch)
sg13_hv_nmos:109 vs. vcr_bisection:8/voltage_sum:4/opamp_rtr:1/sg13_hv_nmos:XM5:
Property mm_ok in circuit2 has no matching property in circuit1
sg13_hv_nmos:55 vs. vcr_bisection:8/opamp_rtr:1/sg13_hv_nmos:XM7:
 l circuit1: 2e-06   (unresolved expression)  (property type mismatch)
 w circuit1: 5e-06   (unresolved expression)  (property type mismatch)
sg13_hv_nmos:55 vs. vcr_bisection:8/opamp_rtr:1/sg13_hv_nmos:XM7:
Property mm_ok in circuit2 has no matching property in circuit1
sg13_hv_nmos:8 vs. vcr_bisection:8/opamp_rtr:2/sg13_hv_nmos:XM7:
 l circuit1: 2e-06   (unresolved expression)  (property type mismatch)
 w circuit1: 5e-06   (unresolved expression)  (property type mismatch)
sg13_hv_nmos:8 vs. vcr_bisection:8/opamp_rtr:2/sg13_hv_nmos:XM7:
Property mm_ok in circuit2 has no matching property in circuit1
sg13_hv_nmos:892 vs. vcr_bisection:8/opamp_rtr:2/sg13_hv_nmos:XM8:
 l circuit1: 4e-06   (unresolved expression)  (property type mismatch)
 w circuit1: 5e-06   (unresolved expression)  (property type mismatch)
sg13_hv_nmos:892 vs. vcr_bisection:8/opamp_rtr:2/sg13_hv_nmos:XM8:
Property mm_ok in circuit2 has no matching property in circuit1
sg13_hv_nmos:590 vs. vcr_bisection:8/opamp_rtr:1/sg13_hv_nmos:XM8:
 l circuit1: 4e-06   (unresolved expression)  (property type mismatch)
 w circuit1: 5e-06   (unresolved expression)  (property type mismatch)
sg13_hv_nmos:590 vs. vcr_bisection:8/opamp_rtr:1/sg13_hv_nmos:XM8:
Property mm_ok in circuit2 has no matching property in circuit1
sg13_hv_nmos:383 vs. vcr_bisection:8/voltage_sum:4/opamp_rtr:1/sg13_hv_nmos:XM8:
 l circuit1: 4e-06   (unresolved expression)  (property type mismatch)
 w circuit1: 5e-06   (unresolved expression)  (property type mismatch)
sg13_hv_nmos:383 vs. vcr_bisection:8/voltage_sum:4/opamp_rtr:1/sg13_hv_nmos:XM8:
Property mm_ok in circuit2 has no matching property in circuit1
sg13_hv_nmos:1675 vs. switched_cap_cell:1/osc:1/sg13_hv_nmos:M11:
Property mm_ok in circuit2 has no matching property in circuit1
sg13_hv_nmos:1675 vs. switched_cap_cell:1/osc:1/sg13_hv_nmos:M11:
Property mm_ok in circuit2 has no matching property in circuit1
sg13_hv_nmos:1620 vs. switched_cap_cell:1/vco:5/bias_current_generator:8/sg13_hv_nmos:M28:
 l circuit1: 5e-06   "cm_n_l"  (property type mismatch)
 w circuit1: 6e-06   "cm_n_w"  (property type mismatch)
sg13_hv_nmos:1620 vs. switched_cap_cell:1/vco:5/bias_current_generator:8/sg13_hv_nmos:M28:
Property mm_ok in circuit2 has no matching property in circuit1
sg13_hv_nmos:1620 vs. switched_cap_cell:1/vco:5/bias_current_generator:8/sg13_hv_nmos:M28:
Property mm_ok in circuit2 has no matching property in circuit1
sg13_hv_nmos:1444 vs. switched_cap_cell:1/osc:1/sg13_hv_nmos:M1:
Property mm_ok in circuit2 has no matching property in circuit1
sg13_hv_nmos:1444 vs. switched_cap_cell:1/osc:1/sg13_hv_nmos:M1:
Property mm_ok in circuit2 has no matching property in circuit1
sg13_hv_nmos:1405 vs. switched_cap_cell:1/vco:5/comp_pmos:5/sg13_hv_nmos:M15:
 l circuit1: 1.5e-06   "n_l"  (property type mismatch)
 w circuit1: 1.2e-06   "n_w"  (property type mismatch)
sg13_hv_nmos:1405 vs. switched_cap_cell:1/vco:5/comp_pmos:5/sg13_hv_nmos:M15:
Property mm_ok in circuit2 has no matching property in circuit1
sg13_hv_nmos:1405 vs. switched_cap_cell:1/vco:5/comp_pmos:5/sg13_hv_nmos:M15:
Property mm_ok in circuit2 has no matching property in circuit1
sg13_hv_nmos:1085 vs. switched_cap_cell:1/vco:5/hv_inverter_6u5:6/sg13_hv_nmos:M2:
 l circuit1: 4.5e-07   (unresolved expression)  (property type mismatch)
 w circuit1: 2e-06   (unresolved expression)  (property type mismatch)
sg13_hv_nmos:1085 vs. switched_cap_cell:1/vco:5/hv_inverter_6u5:6/sg13_hv_nmos:M2:
Property mm_ok in circuit2 has no matching property in circuit1
sg13_hv_nmos:1085 vs. switched_cap_cell:1/vco:5/hv_inverter_6u5:6/sg13_hv_nmos:M2:
Property mm_ok in circuit2 has no matching property in circuit1
sg13_hv_nmos:922 vs. switched_cap_cell:1/vco:5/voltage_mirror_pmos:2/sg13_hv_nmos:M2:
 l circuit1: 5e-06   "n_l"  (property type mismatch)
 w circuit1: 6e-06   "n_w"  (property type mismatch)
sg13_hv_nmos:922 vs. switched_cap_cell:1/vco:5/voltage_mirror_pmos:2/sg13_hv_nmos:M2:
Property mm_ok in circuit2 has no matching property in circuit1
sg13_hv_nmos:922 vs. switched_cap_cell:1/vco:5/voltage_mirror_pmos:2/sg13_hv_nmos:M2:
Property mm_ok in circuit2 has no matching property in circuit1
sg13_hv_nmos:1628 vs. YadavVCR:5/sg13_hv_nmos:M9:
Property mm_ok in circuit2 has no matching property in circuit1
sg13_hv_nmos:1628 vs. YadavVCR:5/sg13_hv_nmos:M9:
Property mm_ok in circuit2 has no matching property in circuit1
sg13_hv_nmos:516 vs. YadavVCR:5/sg13_hv_nmos:M11:
Property mm_ok in circuit2 has no matching property in circuit1
sg13_hv_nmos:516 vs. YadavVCR:5/sg13_hv_nmos:M11:
Property mm_ok in circuit2 has no matching property in circuit1
sg13_hv_nmos:381 vs. switched_cap_cell:1/vco:5/hv_inverter_6u5:3/sg13_hv_nmos:M2:
 l circuit1: 4.5e-07   (unresolved expression)  (property type mismatch)
 w circuit1: 2e-06   (unresolved expression)  (property type mismatch)
sg13_hv_nmos:381 vs. switched_cap_cell:1/vco:5/hv_inverter_6u5:3/sg13_hv_nmos:M2:
Property mm_ok in circuit2 has no matching property in circuit1
sg13_hv_nmos:381 vs. switched_cap_cell:1/vco:5/hv_inverter_6u5:3/sg13_hv_nmos:M2:
Property mm_ok in circuit2 has no matching property in circuit1
sg13_hv_nmos:331 vs. switched_cap_cell:1/lvl_shift_up:10/hv_inverter_6u5:4/sg13_hv_nmos:M2:
 l circuit1: 4.5e-07   (unresolved expression)  (property type mismatch)
 w circuit1: 2e-06   (unresolved expression)  (property type mismatch)
sg13_hv_nmos:331 vs. switched_cap_cell:1/lvl_shift_up:10/hv_inverter_6u5:4/sg13_hv_nmos:M2:
Property mm_ok in circuit2 has no matching property in circuit1
sg13_hv_nmos:331 vs. switched_cap_cell:1/lvl_shift_up:10/hv_inverter_6u5:4/sg13_hv_nmos:M2:
Property mm_ok in circuit2 has no matching property in circuit1
sg13_hv_nmos:215 vs. vcr_bisection:8/voltage_sum:4/opamp_rtr:1/sg13_hv_nmos:XM4:
 l circuit1: 4e-06   (unresolved expression)  (property type mismatch)
 w circuit1: 5e-06   (unresolved expression)  (property type mismatch)
sg13_hv_nmos:215 vs. vcr_bisection:8/voltage_sum:4/opamp_rtr:1/sg13_hv_nmos:XM4:
Property mm_ok in circuit2 has no matching property in circuit1
sg13_hv_nmos:135 vs. switched_cap_cell:1/osc:1/sg13_hv_nmos:M8:
Property mm_ok in circuit2 has no matching property in circuit1
sg13_hv_nmos:135 vs. switched_cap_cell:1/osc:1/sg13_hv_nmos:M8:
Property mm_ok in circuit2 has no matching property in circuit1
sg13_hv_nmos:63 vs. switched_cap_cell:1/vco:5/bias_current_generator:8/sg13_hv_nmos:M14:
 l circuit1: 5e-06   "cm_n_l"  (property type mismatch)
 w circuit1: 6e-06   "cm_n_w"  (property type mismatch)
sg13_hv_nmos:63 vs. switched_cap_cell:1/vco:5/bias_current_generator:8/sg13_hv_nmos:M14:
Property mm_ok in circuit2 has no matching property in circuit1
sg13_hv_nmos:63 vs. switched_cap_cell:1/vco:5/bias_current_generator:8/sg13_hv_nmos:M14:
Property mm_ok in circuit2 has no matching property in circuit1
sg13_hv_nmos:204 vs. vcr_bisection:8/voltage_sum:4/opamp_rtr:1/sg13_hv_nmos:XM26:
 l circuit1: 4e-06   (unresolved expression)  (property type mismatch)
 w circuit1: 5e-06   (unresolved expression)  (property type mismatch)
sg13_hv_nmos:204 vs. vcr_bisection:8/voltage_sum:4/opamp_rtr:1/sg13_hv_nmos:XM26:
Property mm_ok in circuit2 has no matching property in circuit1
sg13_hv_nmos:320 vs. vcr_bisection:8/opamp_rtr:1/sg13_hv_nmos:XM26:
 l circuit1: 4e-06   (unresolved expression)  (property type mismatch)
 w circuit1: 5e-06   (unresolved expression)  (property type mismatch)
sg13_hv_nmos:320 vs. vcr_bisection:8/opamp_rtr:1/sg13_hv_nmos:XM26:
Property mm_ok in circuit2 has no matching property in circuit1
sg13_hv_nmos:29 vs. vcr_bisection:8/opamp_rtr:2/sg13_hv_nmos:XM26:
 l circuit1: 4e-06   (unresolved expression)  (property type mismatch)
 w circuit1: 5e-06   (unresolved expression)  (property type mismatch)
sg13_hv_nmos:29 vs. vcr_bisection:8/opamp_rtr:2/sg13_hv_nmos:XM26:
Property mm_ok in circuit2 has no matching property in circuit1
sg13_hv_nmos:121 vs. vcr_bisection:8/opamp_rtr:1/sg13_hv_nmos:XM4:
 l circuit1: 4e-06   (unresolved expression)  (property type mismatch)
 w circuit1: 5e-06   (unresolved expression)  (property type mismatch)
sg13_hv_nmos:121 vs. vcr_bisection:8/opamp_rtr:1/sg13_hv_nmos:XM4:
Property mm_ok in circuit2 has no matching property in circuit1
sg13_hv_nmos:5 vs. vcr_bisection:8/opamp_rtr:2/sg13_hv_nmos:XM4:
 l circuit1: 4e-06   (unresolved expression)  (property type mismatch)
 w circuit1: 5e-06   (unresolved expression)  (property type mismatch)
sg13_hv_nmos:5 vs. vcr_bisection:8/opamp_rtr:2/sg13_hv_nmos:XM4:
Property mm_ok in circuit2 has no matching property in circuit1
sg13_hv_nmos:1511 vs. switched_cap_cell:1/lvl_shift_up:12/hv_inverter_6u5:4/sg13_hv_nmos:M2:
 l circuit1: 4.5e-07   (unresolved expression)  (property type mismatch)
 w circuit1: 2e-06   (unresolved expression)  (property type mismatch)
sg13_hv_nmos:1511 vs. switched_cap_cell:1/lvl_shift_up:12/hv_inverter_6u5:4/sg13_hv_nmos:M2:
Property mm_ok in circuit2 has no matching property in circuit1
sg13_hv_nmos:1511 vs. switched_cap_cell:1/lvl_shift_up:12/hv_inverter_6u5:4/sg13_hv_nmos:M2:
Property mm_ok in circuit2 has no matching property in circuit1
sg13_hv_nmos:1245 vs. switched_cap_cell:1/lvl_shift_up:11/hv_inverter_6u5:4/sg13_hv_nmos:M2:
 l circuit1: 4.5e-07   (unresolved expression)  (property type mismatch)
 w circuit1: 2e-06   (unresolved expression)  (property type mismatch)
sg13_hv_nmos:1245 vs. switched_cap_cell:1/lvl_shift_up:11/hv_inverter_6u5:4/sg13_hv_nmos:M2:
Property mm_ok in circuit2 has no matching property in circuit1
sg13_hv_nmos:1245 vs. switched_cap_cell:1/lvl_shift_up:11/hv_inverter_6u5:4/sg13_hv_nmos:M2:
Property mm_ok in circuit2 has no matching property in circuit1
sg13_hv_nmos:304 vs. vcr_bisection:8/voltage_sum:4/opamp_rtr:1/sg13_hv_nmos:XM27:
 l circuit1: 4e-06   (unresolved expression)  (property type mismatch)
 w circuit1: 5e-06   (unresolved expression)  (property type mismatch)
sg13_hv_nmos:304 vs. vcr_bisection:8/voltage_sum:4/opamp_rtr:1/sg13_hv_nmos:XM27:
Property mm_ok in circuit2 has no matching property in circuit1
sg13_hv_nmos:93 vs. vcr_bisection:8/opamp_rtr:2/sg13_hv_nmos:XM27:
 l circuit1: 4e-06   (unresolved expression)  (property type mismatch)
 w circuit1: 5e-06   (unresolved expression)  (property type mismatch)
sg13_hv_nmos:93 vs. vcr_bisection:8/opamp_rtr:2/sg13_hv_nmos:XM27:
Property mm_ok in circuit2 has no matching property in circuit1
sg13_hv_nmos:20 vs. vcr_bisection:8/opamp_rtr:1/sg13_hv_nmos:XM27:
 l circuit1: 4e-06   (unresolved expression)  (property type mismatch)
 w circuit1: 5e-06   (unresolved expression)  (property type mismatch)
sg13_hv_nmos:20 vs. vcr_bisection:8/opamp_rtr:1/sg13_hv_nmos:XM27:
Property mm_ok in circuit2 has no matching property in circuit1
sg13_hv_nmos:565 vs. vcr_bisection:8/opamp_rtr:1/sg13_hv_nmos:XM28:
 l circuit1: 1e-06   (unresolved expression)  (property type mismatch)
 w circuit1: 5e-06   (unresolved expression)  (property type mismatch)
sg13_hv_nmos:565 vs. vcr_bisection:8/opamp_rtr:1/sg13_hv_nmos:XM28:
Property mm_ok in circuit2 has no matching property in circuit1
sg13_hv_nmos:431 vs. vcr_bisection:8/opamp_rtr:2/sg13_hv_nmos:XM28:
 l circuit1: 1e-06   (unresolved expression)  (property type mismatch)
 w circuit1: 5e-06   (unresolved expression)  (property type mismatch)
sg13_hv_nmos:431 vs. vcr_bisection:8/opamp_rtr:2/sg13_hv_nmos:XM28:
Property mm_ok in circuit2 has no matching property in circuit1
sg13_hv_nmos:264 vs. vcr_bisection:8/voltage_sum:4/opamp_rtr:1/sg13_hv_nmos:XM28:
 l circuit1: 1e-06   (unresolved expression)  (property type mismatch)
 w circuit1: 5e-06   (unresolved expression)  (property type mismatch)
sg13_hv_nmos:264 vs. vcr_bisection:8/voltage_sum:4/opamp_rtr:1/sg13_hv_nmos:XM28:
Property mm_ok in circuit2 has no matching property in circuit1
sg13_hv_nmos:465 vs. vcr_bisection:8/voltage_sum:4/opamp_rtr:1/sg13_hv_nmos:XM13:
 l circuit1: 1e-06   (unresolved expression)  (property type mismatch)
 w circuit1: 5e-06   (unresolved expression)  (property type mismatch)
sg13_hv_nmos:465 vs. vcr_bisection:8/voltage_sum:4/opamp_rtr:1/sg13_hv_nmos:XM13:
Property mm_ok in circuit2 has no matching property in circuit1
sg13_hv_nmos:217 vs. vcr_bisection:8/opamp_rtr:1/sg13_hv_nmos:XM13:
 l circuit1: 1e-06   (unresolved expression)  (property type mismatch)
 w circuit1: 5e-06   (unresolved expression)  (property type mismatch)
sg13_hv_nmos:217 vs. vcr_bisection:8/opamp_rtr:1/sg13_hv_nmos:XM13:
Property mm_ok in circuit2 has no matching property in circuit1
sg13_hv_nmos:54 vs. vcr_bisection:8/opamp_rtr:2/sg13_hv_nmos:XM13:
 l circuit1: 1e-06   (unresolved expression)  (property type mismatch)
 w circuit1: 5e-06   (unresolved expression)  (property type mismatch)
sg13_hv_nmos:54 vs. vcr_bisection:8/opamp_rtr:2/sg13_hv_nmos:XM13:
Property mm_ok in circuit2 has no matching property in circuit1
sg13_hv_nmos:1342 vs. vcr_bisection:8/opamp_rtr:1/sg13_hv_nmos:XM16:
 l circuit1: 4e-06   (unresolved expression)  (property type mismatch)
 w circuit1: 5e-06   (unresolved expression)  (property type mismatch)
sg13_hv_nmos:1342 vs. vcr_bisection:8/opamp_rtr:1/sg13_hv_nmos:XM16:
Property mm_ok in circuit2 has no matching property in circuit1
sg13_hv_nmos:289 vs. vcr_bisection:8/voltage_sum:4/opamp_rtr:1/sg13_hv_nmos:XM16:
 l circuit1: 4e-06   (unresolved expression)  (property type mismatch)
 w circuit1: 5e-06   (unresolved expression)  (property type mismatch)
sg13_hv_nmos:289 vs. vcr_bisection:8/voltage_sum:4/opamp_rtr:1/sg13_hv_nmos:XM16:
Property mm_ok in circuit2 has no matching property in circuit1
sg13_hv_nmos:285 vs. vcr_bisection:8/opamp_rtr:2/sg13_hv_nmos:XM16:
 l circuit1: 4e-06   (unresolved expression)  (property type mismatch)
 w circuit1: 5e-06   (unresolved expression)  (property type mismatch)
sg13_hv_nmos:285 vs. vcr_bisection:8/opamp_rtr:2/sg13_hv_nmos:XM16:
Property mm_ok in circuit2 has no matching property in circuit1
sg13_hv_nmos:507 vs. vcr_bisection:8/voltage_sum:4/opamp_rtr:1/sg13_hv_nmos:XM18:
 l circuit1: 1e-06   (unresolved expression)  (property type mismatch)
 w circuit1: 5e-06   (unresolved expression)  (property type mismatch)
sg13_hv_nmos:507 vs. vcr_bisection:8/voltage_sum:4/opamp_rtr:1/sg13_hv_nmos:XM18:
Property mm_ok in circuit2 has no matching property in circuit1
sg13_hv_nmos:870 vs. vcr_bisection:8/opamp_rtr:1/sg13_hv_nmos:XM18:
 l circuit1: 1e-06   (unresolved expression)  (property type mismatch)
 w circuit1: 5e-06   (unresolved expression)  (property type mismatch)
sg13_hv_nmos:870 vs. vcr_bisection:8/opamp_rtr:1/sg13_hv_nmos:XM18:
Property mm_ok in circuit2 has no matching property in circuit1
sg13_hv_nmos:89 vs. vcr_bisection:8/opamp_rtr:2/sg13_hv_nmos:XM18:
 l circuit1: 1e-06   (unresolved expression)  (property type mismatch)
 w circuit1: 5e-06   (unresolved expression)  (property type mismatch)
sg13_hv_nmos:89 vs. vcr_bisection:8/opamp_rtr:2/sg13_hv_nmos:XM18:
Property mm_ok in circuit2 has no matching property in circuit1
sg13_hv_nmos:994 vs. vcr_bisection:8/voltage_sum:4/opamp_rtr:1/sg13_hv_nmos:XM19:
 l circuit1: 1e-06   (unresolved expression)  (property type mismatch)
 w circuit1: 5e-06   (unresolved expression)  (property type mismatch)
sg13_hv_nmos:994 vs. vcr_bisection:8/voltage_sum:4/opamp_rtr:1/sg13_hv_nmos:XM19:
Property mm_ok in circuit2 has no matching property in circuit1
sg13_hv_nmos:580 vs. vcr_bisection:8/opamp_rtr:2/sg13_hv_nmos:XM19:
 l circuit1: 1e-06   (unresolved expression)  (property type mismatch)
 w circuit1: 5e-06   (unresolved expression)  (property type mismatch)
sg13_hv_nmos:580 vs. vcr_bisection:8/opamp_rtr:2/sg13_hv_nmos:XM19:
Property mm_ok in circuit2 has no matching property in circuit1
sg13_hv_nmos:260 vs. vcr_bisection:8/opamp_rtr:1/sg13_hv_nmos:XM19:
 l circuit1: 1e-06   (unresolved expression)  (property type mismatch)
 w circuit1: 5e-06   (unresolved expression)  (property type mismatch)
sg13_hv_nmos:260 vs. vcr_bisection:8/opamp_rtr:1/sg13_hv_nmos:XM19:
Property mm_ok in circuit2 has no matching property in circuit1
sg13_hv_nmos:102 vs. vcr_bisection:8/opamp_rtr:1/sg13_hv_nmos:XM12:
 l circuit1: 1e-06   (unresolved expression)  (property type mismatch)
 w circuit1: 2e-05   (unresolved expression)  (property type mismatch)
sg13_hv_nmos:102 vs. vcr_bisection:8/opamp_rtr:1/sg13_hv_nmos:XM12:
Property mm_ok in circuit2 has no matching property in circuit1
sg13_hv_nmos:13 vs. vcr_bisection:8/opamp_rtr:2/sg13_hv_nmos:XM12:
 l circuit1: 1e-06   (unresolved expression)  (property type mismatch)
 w circuit1: 2e-05   (unresolved expression)  (property type mismatch)
sg13_hv_nmos:13 vs. vcr_bisection:8/opamp_rtr:2/sg13_hv_nmos:XM12:
Property mm_ok in circuit2 has no matching property in circuit1
sg13_hv_nmos:495 vs. switched_cap_cell:1/hv_mux4:4/hv_nor4:1/sg13_hv_nmos:M6:
 l circuit1: 4.5e-07   (unresolved expression)  (property type mismatch)
 w circuit1: 1.2e-05   (unresolved expression)  (property type mismatch)
sg13_hv_nmos:495 vs. switched_cap_cell:1/hv_mux4:4/hv_nor4:1/sg13_hv_nmos:M6:
Property mm_ok in circuit2 has no matching property in circuit1
sg13_hv_nmos:356 vs. switched_cap_cell:1/hv_mux4:4/hv_nor4:1/sg13_hv_nmos:M5:
 l circuit1: 4.5e-07   (unresolved expression)  (property type mismatch)
 w circuit1: 1.2e-05   (unresolved expression)  (property type mismatch)
sg13_hv_nmos:356 vs. switched_cap_cell:1/hv_mux4:4/hv_nor4:1/sg13_hv_nmos:M5:
Property mm_ok in circuit2 has no matching property in circuit1
sg13_hv_nmos:255 vs. switched_cap_cell:1/hv_mux4:4/hv_nor4:1/sg13_hv_nmos:M1:
 l circuit1: 4.5e-07   (unresolved expression)  (property type mismatch)
 w circuit1: 1.2e-05   (unresolved expression)  (property type mismatch)
sg13_hv_nmos:255 vs. switched_cap_cell:1/hv_mux4:4/hv_nor4:1/sg13_hv_nmos:M1:
Property mm_ok in circuit2 has no matching property in circuit1
sg13_hv_nmos:797 vs. vcr_bisection:8/voltage_sum:4/opamp_rtr:1/sg13_hv_nmos:XB2:
 l circuit1: 4e-06   (unresolved expression)  (property type mismatch)
 w circuit1: 5e-06   (unresolved expression)  (property type mismatch)
sg13_hv_nmos:797 vs. vcr_bisection:8/voltage_sum:4/opamp_rtr:1/sg13_hv_nmos:XB2:
Property mm_ok in circuit2 has no matching property in circuit1
sg13_hv_nmos:78 vs. vcr_bisection:8/opamp_rtr:1/sg13_hv_nmos:XB2:
 l circuit1: 4e-06   (unresolved expression)  (property type mismatch)
 w circuit1: 5e-06   (unresolved expression)  (property type mismatch)
sg13_hv_nmos:78 vs. vcr_bisection:8/opamp_rtr:1/sg13_hv_nmos:XB2:
Property mm_ok in circuit2 has no matching property in circuit1
sg13_hv_nmos:392 vs. vcr_bisection:8/opamp_rtr:2/sg13_hv_nmos:XB2:
 l circuit1: 4e-06   (unresolved expression)  (property type mismatch)
 w circuit1: 5e-06   (unresolved expression)  (property type mismatch)
sg13_hv_nmos:392 vs. vcr_bisection:8/opamp_rtr:2/sg13_hv_nmos:XB2:
Property mm_ok in circuit2 has no matching property in circuit1
sg13_hv_nmos:57 vs. switched_cap_cell:1/hv_mux4:4/hv_nor4:1/sg13_hv_nmos:M2:
 l circuit1: 4.5e-07   (unresolved expression)  (property type mismatch)
 w circuit1: 1.2e-05   (unresolved expression)  (property type mismatch)
sg13_hv_nmos:57 vs. switched_cap_cell:1/hv_mux4:4/hv_nor4:1/sg13_hv_nmos:M2:
Property mm_ok in circuit2 has no matching property in circuit1
sg13_hv_nmos:1571 vs. vcr_bisection:8/voltage_sum:4/opamp_rtr:1/sg13_hv_nmos:DUMMY11:
Property mm_ok in circuit2 has no matching property in circuit1
sg13_hv_nmos:1113 vs. vcr_bisection:8/opamp_rtr:2/sg13_hv_nmos:DUMMY11:
Property mm_ok in circuit2 has no matching property in circuit1
sg13_hv_nmos:791 vs. vcr_bisection:8/opamp_rtr:1/sg13_hv_nmos:DUMMY11:
Property mm_ok in circuit2 has no matching property in circuit1
sg13_hv_nmos:1495 vs. switched_cap_cell:1/vco:5/bias_current_generator:8/sg13_hv_nmos:M5:
 l circuit1: 5e-06   "cm_n_l"  (property type mismatch)
 w circuit1: 6e-06   "cm_n_w"  (property type mismatch)
sg13_hv_nmos:1495 vs. switched_cap_cell:1/vco:5/bias_current_generator:8/sg13_hv_nmos:M5:
Property mm_ok in circuit2 has no matching property in circuit1
sg13_hv_nmos:1495 vs. switched_cap_cell:1/vco:5/bias_current_generator:8/sg13_hv_nmos:M5:
Property mm_ok in circuit2 has no matching property in circuit1
sg13_hv_nmos:876 vs. switched_cap_cell:1/vco:5/comp_nmos:7/sg13_hv_nmos:M7:
 l circuit1: 1.5e-06   "n_l"  (property type mismatch)
 w circuit1: 1.2e-06   "n_w"  (property type mismatch)
sg13_hv_nmos:876 vs. switched_cap_cell:1/vco:5/comp_nmos:7/sg13_hv_nmos:M7:
Property mm_ok in circuit2 has no matching property in circuit1
sg13_hv_nmos:876 vs. switched_cap_cell:1/vco:5/comp_nmos:7/sg13_hv_nmos:M7:
Property mm_ok in circuit2 has no matching property in circuit1
sg13_hv_nmos:548 vs. switched_cap_cell:1/vco:5/bias_current_generator:8/sg13_hv_nmos:M2:
 l circuit1: 5e-06   "cm_n_l"  (property type mismatch)
 w circuit1: 2.4e-05   (unresolved expression)  (property type mismatch)
sg13_hv_nmos:548 vs. switched_cap_cell:1/vco:5/bias_current_generator:8/sg13_hv_nmos:M2:
Property mm_ok in circuit2 has no matching property in circuit1
sg13_hv_nmos:459 vs. switched_cap_cell:1/hv_mux4:4/hv_nor:2/sg13_hv_nmos:M2:
 l circuit1: 4.5e-07   (unresolved expression)  (property type mismatch)
 w circuit1: 1.2e-05   (unresolved expression)  (property type mismatch)
sg13_hv_nmos:459 vs. switched_cap_cell:1/hv_mux4:4/hv_nor:2/sg13_hv_nmos:M2:
Property mm_ok in circuit2 has no matching property in circuit1
sg13_hv_nmos:1130 vs. vcr_bisection:8/voltage_sum:4/opamp_rtr:1/sg13_hv_nmos:XM24:
 l circuit1: 4e-06   (unresolved expression)  (property type mismatch)
 w circuit1: 5e-06   (unresolved expression)  (property type mismatch)
sg13_hv_nmos:1130 vs. vcr_bisection:8/voltage_sum:4/opamp_rtr:1/sg13_hv_nmos:XM24:
Property mm_ok in circuit2 has no matching property in circuit1
sg13_hv_nmos:398 vs. vcr_bisection:8/opamp_rtr:1/sg13_hv_nmos:XM24:
 l circuit1: 4e-06   (unresolved expression)  (property type mismatch)
 w circuit1: 5e-06   (unresolved expression)  (property type mismatch)
sg13_hv_nmos:398 vs. vcr_bisection:8/opamp_rtr:1/sg13_hv_nmos:XM24:
Property mm_ok in circuit2 has no matching property in circuit1
sg13_hv_nmos:706 vs. vcr_bisection:8/opamp_rtr:2/sg13_hv_nmos:XM24:
 l circuit1: 4e-06   (unresolved expression)  (property type mismatch)
 w circuit1: 5e-06   (unresolved expression)  (property type mismatch)
sg13_hv_nmos:706 vs. vcr_bisection:8/opamp_rtr:2/sg13_hv_nmos:XM24:
Property mm_ok in circuit2 has no matching property in circuit1
sg13_hv_nmos:385 vs. vcr_bisection:8/voltage_sum:4/opamp_rtr:1/sg13_hv_nmos:XB1:
 l circuit1: 4e-06   (unresolved expression)  (property type mismatch)
 w circuit1: 5e-06   (unresolved expression)  (property type mismatch)
sg13_hv_nmos:385 vs. vcr_bisection:8/voltage_sum:4/opamp_rtr:1/sg13_hv_nmos:XB1:
Property mm_ok in circuit2 has no matching property in circuit1
sg13_hv_nmos:478 vs. vcr_bisection:8/opamp_rtr:1/sg13_hv_nmos:XB1:
 l circuit1: 4e-06   (unresolved expression)  (property type mismatch)
 w circuit1: 5e-06   (unresolved expression)  (property type mismatch)
sg13_hv_nmos:478 vs. vcr_bisection:8/opamp_rtr:1/sg13_hv_nmos:XB1:
Property mm_ok in circuit2 has no matching property in circuit1
sg13_hv_nmos:787 vs. vcr_bisection:8/opamp_rtr:2/sg13_hv_nmos:XB1:
 l circuit1: 4e-06   (unresolved expression)  (property type mismatch)
 w circuit1: 5e-06   (unresolved expression)  (property type mismatch)
sg13_hv_nmos:787 vs. vcr_bisection:8/opamp_rtr:2/sg13_hv_nmos:XB1:
Property mm_ok in circuit2 has no matching property in circuit1
sg13_hv_nmos:374 vs. switched_cap_cell:1/hv_mux4:4/hv_nor:4/sg13_hv_nmos:M2:
 l circuit1: 4.5e-07   (unresolved expression)  (property type mismatch)
 w circuit1: 1.2e-05   (unresolved expression)  (property type mismatch)
sg13_hv_nmos:374 vs. switched_cap_cell:1/hv_mux4:4/hv_nor:4/sg13_hv_nmos:M2:
Property mm_ok in circuit2 has no matching property in circuit1
sg13_hv_nmos:306 vs. switched_cap_cell:1/hv_mux4:4/hv_nor:6/sg13_hv_nmos:M1:
 l circuit1: 4.5e-07   (unresolved expression)  (property type mismatch)
 w circuit1: 1.2e-05   (unresolved expression)  (property type mismatch)
sg13_hv_nmos:306 vs. switched_cap_cell:1/hv_mux4:4/hv_nor:6/sg13_hv_nmos:M1:
Property mm_ok in circuit2 has no matching property in circuit1
sg13_hv_nmos:271 vs. switched_cap_cell:1/vco:5/bias_current_generator:8/current_reference_40uA:4/sg13_hv_nmos:M8:
 l circuit1: 5e-06   "n_l"  (property type mismatch)
 w circuit1: 6e-06   "n_w"  (property type mismatch)
sg13_hv_nmos:271 vs. switched_cap_cell:1/vco:5/bias_current_generator:8/current_reference_40uA:4/sg13_hv_nmos:M8:
Property mm_ok in circuit2 has no matching property in circuit1
sg13_hv_nmos:271 vs. switched_cap_cell:1/vco:5/bias_current_generator:8/current_reference_40uA:4/sg13_hv_nmos:M8:
Property mm_ok in circuit2 has no matching property in circuit1
sg13_hv_nmos:96 vs. switched_cap_cell:1/hv_mux4:4/hv_nor:6/sg13_hv_nmos:M2:
 l circuit1: 4.5e-07   (unresolved expression)  (property type mismatch)
 w circuit1: 1.2e-05   (unresolved expression)  (property type mismatch)
sg13_hv_nmos:96 vs. switched_cap_cell:1/hv_mux4:4/hv_nor:6/sg13_hv_nmos:M2:
Property mm_ok in circuit2 has no matching property in circuit1
sg13_hv_nmos:81 vs. vcr_bisection:8/isource_beta:3/sg13_hv_nmos:M3:
Property mm_ok in circuit2 has no matching property in circuit1
sg13_hv_nmos:15 vs. vcr_bisection:8/isource_beta:5/sg13_hv_nmos:M3:
Property mm_ok in circuit2 has no matching property in circuit1
sg13_hv_nmos:274 vs. vcr_bisection:8/isource_beta:6/sg13_hv_nmos:M3:
Property mm_ok in circuit2 has no matching property in circuit1
sg13_hv_nmos:129 vs. vcr_bisection:8/isource_beta:3/sg13_hv_nmos:M4:
Property mm_ok in circuit2 has no matching property in circuit1
sg13_hv_nmos:125 vs. vcr_bisection:8/isource_beta:5/sg13_hv_nmos:M4:
Property mm_ok in circuit2 has no matching property in circuit1
sg13_hv_nmos:43 vs. vcr_bisection:8/isource_beta:6/sg13_hv_nmos:M4:
Property mm_ok in circuit2 has no matching property in circuit1
sg13_hv_nmos:451 vs. vcr_bisection:8/isource_beta:3/sg13_hv_nmos:MS2:
Property mm_ok in circuit2 has no matching property in circuit1
sg13_hv_nmos:512 vs. vcr_bisection:8/isource_beta:5/sg13_hv_nmos:MS2:
Property mm_ok in circuit2 has no matching property in circuit1
sg13_hv_nmos:491 vs. vcr_bisection:8/isource_beta:6/sg13_hv_nmos:MS2:
Property mm_ok in circuit2 has no matching property in circuit1
sg13_hv_nmos:249 vs. switched_cap_cell:1/vco:5/comp_nmos:7/sg13_hv_nmos:M4:
 l circuit1: 1.5e-06   "n_l"  (property type mismatch)
 w circuit1: 2.4e-06   (unresolved expression)  (property type mismatch)
sg13_hv_nmos:249 vs. switched_cap_cell:1/vco:5/comp_nmos:7/sg13_hv_nmos:M4:
Property mm_ok in circuit2 has no matching property in circuit1
sg13_hv_nmos:249 vs. switched_cap_cell:1/vco:5/comp_nmos:7/sg13_hv_nmos:M4:
Property mm_ok in circuit2 has no matching property in circuit1
sg13_hv_nmos:783 vs. vcr_bisection:8/isource_beta:6/sg13_hv_nmos:MS3:
Property mm_ok in circuit2 has no matching property in circuit1
sg13_hv_nmos:738 vs. vcr_bisection:8/isource_beta:3/sg13_hv_nmos:MS3:
Property mm_ok in circuit2 has no matching property in circuit1
sg13_hv_nmos:179 vs. vcr_bisection:8/isource_beta:5/sg13_hv_nmos:MS3:
Property mm_ok in circuit2 has no matching property in circuit1
sg13_hv_nmos:27 vs. vcr_bisection:8/isource_beta:3/sg13_hv_nmos:M6:
Property mm_ok in circuit2 has no matching property in circuit1
sg13_hv_nmos:1507 vs. vcr_bisection:8/isource_beta:5/sg13_hv_nmos:M6:
Property mm_ok in circuit2 has no matching property in circuit1
sg13_hv_nmos:309 vs. vcr_bisection:8/isource_beta:6/sg13_hv_nmos:M6:
Property mm_ok in circuit2 has no matching property in circuit1
sg13_hv_nmos:206 vs. vcr_bisection:8/isource_beta:3/sg13_hv_nmos:M8:
Property mm_ok in circuit2 has no matching property in circuit1
sg13_hv_nmos:90 vs. vcr_bisection:8/isource_beta:5/sg13_hv_nmos:M8:
Property mm_ok in circuit2 has no matching property in circuit1
sg13_hv_nmos:689 vs. vcr_bisection:8/isource_beta:6/sg13_hv_nmos:M8:
Property mm_ok in circuit2 has no matching property in circuit1
sg13_hv_nmos:412 vs. vcr_bisection:8/isource_beta:3/sg13_hv_nmos:M9:
Property mm_ok in circuit2 has no matching property in circuit1
sg13_hv_nmos:293 vs. vcr_bisection:8/isource_beta:5/sg13_hv_nmos:M9:
Property mm_ok in circuit2 has no matching property in circuit1
sg13_hv_nmos:7 vs. vcr_bisection:8/isource_beta:6/sg13_hv_nmos:M9:
Property mm_ok in circuit2 has no matching property in circuit1
sg13_hv_nmos:199 vs. vcr_bisection:8/isource_beta:6/sg13_hv_nmos:M7:
Property mm_ok in circuit2 has no matching property in circuit1
sg13_hv_nmos:112 vs. vcr_bisection:8/isource_beta:3/sg13_hv_nmos:M7:
Property mm_ok in circuit2 has no matching property in circuit1
sg13_hv_nmos:2 vs. vcr_bisection:8/isource_beta:5/sg13_hv_nmos:M7:
Property mm_ok in circuit2 has no matching property in circuit1
sg13_hv_nmos:420 vs. vcr_bisection:8/isource_beta:3/sg13_hv_nmos:M10:
Property mm_ok in circuit2 has no matching property in circuit1
sg13_hv_nmos:302 vs. vcr_bisection:8/isource_beta:5/sg13_hv_nmos:M10:
Property mm_ok in circuit2 has no matching property in circuit1
sg13_hv_nmos:899 vs. vcr_bisection:8/isource_beta:6/sg13_hv_nmos:M10:
Property mm_ok in circuit2 has no matching property in circuit1
sg13_hv_nmos:686 vs. vcr_bisection:8/voltage_sum:4/opamp_rtr:1/sg13_hv_nmos:XM20:
 l circuit1: 4e-06   (unresolved expression)  (property type mismatch)
 w circuit1: 5e-06   (unresolved expression)  (property type mismatch)
sg13_hv_nmos:686 vs. vcr_bisection:8/voltage_sum:4/opamp_rtr:1/sg13_hv_nmos:XM20:
Property mm_ok in circuit2 has no matching property in circuit1
sg13_hv_nmos:888 vs. vcr_bisection:8/opamp_rtr:1/sg13_hv_nmos:XM20:
 l circuit1: 4e-06   (unresolved expression)  (property type mismatch)
 w circuit1: 5e-06   (unresolved expression)  (property type mismatch)
sg13_hv_nmos:888 vs. vcr_bisection:8/opamp_rtr:1/sg13_hv_nmos:XM20:
Property mm_ok in circuit2 has no matching property in circuit1
sg13_hv_nmos:275 vs. vcr_bisection:8/opamp_rtr:2/sg13_hv_nmos:XM20:
 l circuit1: 4e-06   (unresolved expression)  (property type mismatch)
 w circuit1: 5e-06   (unresolved expression)  (property type mismatch)
sg13_hv_nmos:275 vs. vcr_bisection:8/opamp_rtr:2/sg13_hv_nmos:XM20:
Property mm_ok in circuit2 has no matching property in circuit1
sg13_hv_nmos:200 vs. switched_cap_cell:1/vco:5/comp_nmos:7/sg13_hv_nmos:M5:
 l circuit1: 1.5e-06   "n_l"  (property type mismatch)
 w circuit1: 2.4e-06   (unresolved expression)  (property type mismatch)
sg13_hv_nmos:200 vs. switched_cap_cell:1/vco:5/comp_nmos:7/sg13_hv_nmos:M5:
Property mm_ok in circuit2 has no matching property in circuit1
sg13_hv_nmos:200 vs. switched_cap_cell:1/vco:5/comp_nmos:7/sg13_hv_nmos:M5:
Property mm_ok in circuit2 has no matching property in circuit1
sg13_hv_nmos:61 vs. vcr_bisection:8/isource_beta:3/sg13_hv_nmos:M11:
Property mm_ok in circuit2 has no matching property in circuit1
sg13_hv_nmos:6 vs. vcr_bisection:8/isource_beta:5/sg13_hv_nmos:M11:
Property mm_ok in circuit2 has no matching property in circuit1
sg13_hv_nmos:1 vs. vcr_bisection:8/isource_beta:6/sg13_hv_nmos:M11:
Property mm_ok in circuit2 has no matching property in circuit1
sg13_hv_nmos:854 vs. vcr_bisection:8/sg13_hv_nmos:M2:
Property mm_ok in circuit2 has no matching property in circuit1
sg13_hv_nmos:606 vs. vcr_bisection:8/opamp_rtr:1/sg13_hv_nmos:DUMMY1:
Property mm_ok in circuit2 has no matching property in circuit1
sg13_hv_nmos:464 vs. vcr_bisection:8/opamp_rtr:2/sg13_hv_nmos:DUMMY1:
Property mm_ok in circuit2 has no matching property in circuit1
sg13_hv_nmos:19 vs. vcr_bisection:8/voltage_sum:4/opamp_rtr:1/sg13_hv_nmos:DUMMY1:
Property mm_ok in circuit2 has no matching property in circuit1
sg13_hv_nmos:897 vs. switched_cap_cell:1/lvl_shift_up:10/sg13_hv_nmos:M1:
 l circuit1: 4.5e-07   (unresolved expression)  (property type mismatch)
 w circuit1: 2e-05   (unresolved expression)  (property type mismatch)
sg13_hv_nmos:897 vs. switched_cap_cell:1/lvl_shift_up:10/sg13_hv_nmos:M1:
Property mm_ok in circuit2 has no matching property in circuit1
sg13_hv_nmos:844 vs. lvl_shift_up:9/sg13_hv_nmos:M1:
 l circuit1: 4.5e-07   (unresolved expression)  (property type mismatch)
 w circuit1: 2e-05   (unresolved expression)  (property type mismatch)
sg13_hv_nmos:844 vs. lvl_shift_up:9/sg13_hv_nmos:M1:
Property mm_ok in circuit2 has no matching property in circuit1
sg13_hv_nmos:647 vs. lvl_shift_up:10/sg13_hv_nmos:M1:
 l circuit1: 4.5e-07   (unresolved expression)  (property type mismatch)
 w circuit1: 2e-05   (unresolved expression)  (property type mismatch)
sg13_hv_nmos:647 vs. lvl_shift_up:10/sg13_hv_nmos:M1:
Property mm_ok in circuit2 has no matching property in circuit1
sg13_hv_nmos:536 vs. lvl_shift_up:11/sg13_hv_nmos:M1:
 l circuit1: 4.5e-07   (unresolved expression)  (property type mismatch)
 w circuit1: 2e-05   (unresolved expression)  (property type mismatch)
sg13_hv_nmos:536 vs. lvl_shift_up:11/sg13_hv_nmos:M1:
Property mm_ok in circuit2 has no matching property in circuit1
sg13_hv_nmos:173 vs. lvl_shift_up:17/sg13_hv_nmos:M1:
 l circuit1: 4.5e-07   (unresolved expression)  (property type mismatch)
 w circuit1: 2e-05   (unresolved expression)  (property type mismatch)
sg13_hv_nmos:173 vs. lvl_shift_up:17/sg13_hv_nmos:M1:
Property mm_ok in circuit2 has no matching property in circuit1
sg13_hv_nmos:1386 vs. lvl_shift_up:41/sg13_hv_nmos:M1:
 l circuit1: 4.5e-07   (unresolved expression)  (property type mismatch)
 w circuit1: 2e-05   (unresolved expression)  (property type mismatch)
sg13_hv_nmos:1386 vs. lvl_shift_up:41/sg13_hv_nmos:M1:
Property mm_ok in circuit2 has no matching property in circuit1
sg13_hv_nmos:74 vs. switched_cap_cell:1/lvl_shift_up:11/sg13_hv_nmos:M1:
 l circuit1: 4.5e-07   (unresolved expression)  (property type mismatch)
 w circuit1: 2e-05   (unresolved expression)  (property type mismatch)
sg13_hv_nmos:74 vs. switched_cap_cell:1/lvl_shift_up:11/sg13_hv_nmos:M1:
Property mm_ok in circuit2 has no matching property in circuit1
sg13_hv_nmos:930 vs. switched_cap_cell:1/lvl_shift_up:12/sg13_hv_nmos:M1:
 l circuit1: 4.5e-07   (unresolved expression)  (property type mismatch)
 w circuit1: 2e-05   (unresolved expression)  (property type mismatch)
sg13_hv_nmos:930 vs. switched_cap_cell:1/lvl_shift_up:12/sg13_hv_nmos:M1:
Property mm_ok in circuit2 has no matching property in circuit1
sg13_hv_nmos:192 vs. switched_cap_cell:1/lvl_shift_up:13/sg13_hv_nmos:M1:
 l circuit1: 4.5e-07   (unresolved expression)  (property type mismatch)
 w circuit1: 2e-05   (unresolved expression)  (property type mismatch)
sg13_hv_nmos:192 vs. switched_cap_cell:1/lvl_shift_up:13/sg13_hv_nmos:M1:
Property mm_ok in circuit2 has no matching property in circuit1
sg13_hv_nmos:69 vs. analog_switch_3pst:3/lvl_shift_up:8/sg13_hv_nmos:M1:
 l circuit1: 4.5e-07   (unresolved expression)  (property type mismatch)
 w circuit1: 2e-05   (unresolved expression)  (property type mismatch)
sg13_hv_nmos:69 vs. analog_switch_3pst:3/lvl_shift_up:8/sg13_hv_nmos:M1:
Property mm_ok in circuit2 has no matching property in circuit1
sg13_hv_nmos:469 vs. analog_switch_3pst:4/lvl_shift_up:8/sg13_hv_nmos:M1:
 l circuit1: 4.5e-07   (unresolved expression)  (property type mismatch)
 w circuit1: 2e-05   (unresolved expression)  (property type mismatch)
sg13_hv_nmos:469 vs. analog_switch_3pst:4/lvl_shift_up:8/sg13_hv_nmos:M1:
Property mm_ok in circuit2 has no matching property in circuit1
sg13_hv_nmos:1538 vs. lvl_shift_up:41/hv_inverter_6u5:4/sg13_hv_nmos:M2:
 l circuit1: 4.5e-07   (unresolved expression)  (property type mismatch)
 w circuit1: 2e-06   (unresolved expression)  (property type mismatch)
sg13_hv_nmos:1538 vs. lvl_shift_up:41/hv_inverter_6u5:4/sg13_hv_nmos:M2:
Property mm_ok in circuit2 has no matching property in circuit1
sg13_hv_nmos:1538 vs. lvl_shift_up:41/hv_inverter_6u5:4/sg13_hv_nmos:M2:
Property mm_ok in circuit2 has no matching property in circuit1
sg13_hv_nmos:946 vs. lvl_shift_up:17/hv_inverter_6u5:4/sg13_hv_nmos:M2:
 l circuit1: 4.5e-07   (unresolved expression)  (property type mismatch)
 w circuit1: 2e-06   (unresolved expression)  (property type mismatch)
sg13_hv_nmos:946 vs. lvl_shift_up:17/hv_inverter_6u5:4/sg13_hv_nmos:M2:
Property mm_ok in circuit2 has no matching property in circuit1
sg13_hv_nmos:946 vs. lvl_shift_up:17/hv_inverter_6u5:4/sg13_hv_nmos:M2:
Property mm_ok in circuit2 has no matching property in circuit1
sg13_hv_nmos:813 vs. switched_cap_cell:1/vco:5/bias_current_generator:8/sg13_hv_nmos:M15:
 l circuit1: 5e-06   "cm_n_l"  (property type mismatch)
 w circuit1: 6e-06   "cm_n_w"  (property type mismatch)
sg13_hv_nmos:813 vs. switched_cap_cell:1/vco:5/bias_current_generator:8/sg13_hv_nmos:M15:
Property mm_ok in circuit2 has no matching property in circuit1
sg13_hv_nmos:813 vs. switched_cap_cell:1/vco:5/bias_current_generator:8/sg13_hv_nmos:M15:
Property mm_ok in circuit2 has no matching property in circuit1
sg13_hv_nmos:365 vs. switched_cap_cell:1/hv_mux4:4/hv_nor:5/sg13_hv_nmos:M1:
 l circuit1: 4.5e-07   (unresolved expression)  (property type mismatch)
 w circuit1: 1.2e-05   (unresolved expression)  (property type mismatch)
sg13_hv_nmos:365 vs. switched_cap_cell:1/hv_mux4:4/hv_nor:5/sg13_hv_nmos:M1:
Property mm_ok in circuit2 has no matching property in circuit1
sg13_hv_nmos:162 vs. switched_cap_cell:1/hv_mux4:4/hv_nor:2/sg13_hv_nmos:M1:
 l circuit1: 4.5e-07   (unresolved expression)  (property type mismatch)
 w circuit1: 1.2e-05   (unresolved expression)  (property type mismatch)
sg13_hv_nmos:162 vs. switched_cap_cell:1/hv_mux4:4/hv_nor:2/sg13_hv_nmos:M1:
Property mm_ok in circuit2 has no matching property in circuit1
sg13_hv_nmos:378 vs. lvl_shift_up:9/hv_inverter_6u5:4/sg13_hv_nmos:M2:
 l circuit1: 4.5e-07   (unresolved expression)  (property type mismatch)
 w circuit1: 2e-06   (unresolved expression)  (property type mismatch)
sg13_hv_nmos:378 vs. lvl_shift_up:9/hv_inverter_6u5:4/sg13_hv_nmos:M2:
Property mm_ok in circuit2 has no matching property in circuit1
sg13_hv_nmos:378 vs. lvl_shift_up:9/hv_inverter_6u5:4/sg13_hv_nmos:M2:
Property mm_ok in circuit2 has no matching property in circuit1
sg13_hv_nmos:52 vs. lvl_shift_up:10/hv_inverter_6u5:4/sg13_hv_nmos:M2:
 l circuit1: 4.5e-07   (unresolved expression)  (property type mismatch)
 w circuit1: 2e-06   (unresolved expression)  (property type mismatch)
sg13_hv_nmos:52 vs. lvl_shift_up:10/hv_inverter_6u5:4/sg13_hv_nmos:M2:
Property mm_ok in circuit2 has no matching property in circuit1
sg13_hv_nmos:52 vs. lvl_shift_up:10/hv_inverter_6u5:4/sg13_hv_nmos:M2:
Property mm_ok in circuit2 has no matching property in circuit1
sg13_hv_nmos:1092 vs. lvl_shift_up:11/hv_inverter_6u5:4/sg13_hv_nmos:M2:
 l circuit1: 4.5e-07   (unresolved expression)  (property type mismatch)
 w circuit1: 2e-06   (unresolved expression)  (property type mismatch)
sg13_hv_nmos:1092 vs. lvl_shift_up:11/hv_inverter_6u5:4/sg13_hv_nmos:M2:
Property mm_ok in circuit2 has no matching property in circuit1
sg13_hv_nmos:1092 vs. lvl_shift_up:11/hv_inverter_6u5:4/sg13_hv_nmos:M2:
Property mm_ok in circuit2 has no matching property in circuit1
sg13_hv_pmos:72 vs. switched_cap_cell:1/transmission_gate:2/sg13_hv_pmos:M4:
 l circuit1: "4.5e-07"   (unresolved expression)  (property type mismatch)
 w circuit1: "5e-06"   (unresolved expression)  (property type mismatch)
sg13_hv_pmos:72 vs. switched_cap_cell:1/transmission_gate:2/sg13_hv_pmos:M4:
Property mm_ok in circuit2 has no matching property in circuit1
sg13_hv_pmos:14 vs. switched_cap_cell:1/transmission_gate:6/sg13_hv_pmos:M4:
 l circuit1: "4.5e-07"   (unresolved expression)  (property type mismatch)
 w circuit1: "5e-06"   (unresolved expression)  (property type mismatch)
sg13_hv_pmos:14 vs. switched_cap_cell:1/transmission_gate:6/sg13_hv_pmos:M4:
Property mm_ok in circuit2 has no matching property in circuit1
sg13_hv_pmos:1456 vs. switched_cap_cell:1/osc:1/sg13_hv_pmos:M2:
Property mm_ok in circuit2 has no matching property in circuit1
sg13_hv_pmos:1456 vs. switched_cap_cell:1/osc:1/sg13_hv_pmos:M2:
Property mm_ok in circuit2 has no matching property in circuit1
sg13_hv_pmos:1251 vs. switched_cap_cell:1/osc:1/sg13_hv_pmos:M4:
Property mm_ok in circuit2 has no matching property in circuit1
sg13_hv_pmos:1251 vs. switched_cap_cell:1/osc:1/sg13_hv_pmos:M4:
Property mm_ok in circuit2 has no matching property in circuit1
sg13_hv_pmos:150 vs. switched_cap_cell:1/osc:1/sg13_hv_pmos:M3:
Property mm_ok in circuit2 has no matching property in circuit1
sg13_hv_pmos:150 vs. switched_cap_cell:1/osc:1/sg13_hv_pmos:M3:
Property mm_ok in circuit2 has no matching property in circuit1
sg13_hv_pmos:1348 vs. switched_cap_cell:1/osc:1/sg13_hv_pmos:M5:
Property mm_ok in circuit2 has no matching property in circuit1
sg13_hv_pmos:1348 vs. switched_cap_cell:1/osc:1/sg13_hv_pmos:M5:
Property mm_ok in circuit2 has no matching property in circuit1
sg13_hv_pmos:17 vs. switched_cap_cell:1/hv_mux4:4/hv_nor4:1/sg13_hv_pmos:M4:
 l circuit1: 4e-07   (unresolved expression)  (property type mismatch)
 w circuit1: 4e-05   (unresolved expression)  (property type mismatch)
sg13_hv_pmos:17 vs. switched_cap_cell:1/hv_mux4:4/hv_nor4:1/sg13_hv_pmos:M4:
Property mm_ok in circuit2 has no matching property in circuit1
sg13_hv_pmos:37 vs. switched_cap_cell:1/hv_mux4:4/hv_nor4:1/sg13_hv_pmos:M7:
 l circuit1: 4e-07   (unresolved expression)  (property type mismatch)
 w circuit1: 4e-05   (unresolved expression)  (property type mismatch)
sg13_hv_pmos:37 vs. switched_cap_cell:1/hv_mux4:4/hv_nor4:1/sg13_hv_pmos:M7:
Property mm_ok in circuit2 has no matching property in circuit1
sg13_hv_pmos:18 vs. switched_cap_cell:1/hv_mux4:4/hv_nor4:1/sg13_hv_pmos:M8:
 l circuit1: 4e-07   (unresolved expression)  (property type mismatch)
 w circuit1: 4e-05   (unresolved expression)  (property type mismatch)
sg13_hv_pmos:18 vs. switched_cap_cell:1/hv_mux4:4/hv_nor4:1/sg13_hv_pmos:M8:
Property mm_ok in circuit2 has no matching property in circuit1
sg13_hv_pmos:714 vs. switched_cap_cell:1/hv_mux4:4/hv_nor:4/sg13_hv_pmos:M3:
 l circuit1: 4e-07   (unresolved expression)  (property type mismatch)
 w circuit1: 4e-05   (unresolved expression)  (property type mismatch)
sg13_hv_pmos:714 vs. switched_cap_cell:1/hv_mux4:4/hv_nor:4/sg13_hv_pmos:M3:
Property mm_ok in circuit2 has no matching property in circuit1
sg13_hv_pmos:1121 vs. switched_cap_cell:1/hv_mux4:4/hv_nor:5/sg13_hv_pmos:M3:
 l circuit1: 4e-07   (unresolved expression)  (property type mismatch)
 w circuit1: 4e-05   (unresolved expression)  (property type mismatch)
sg13_hv_pmos:1121 vs. switched_cap_cell:1/hv_mux4:4/hv_nor:5/sg13_hv_pmos:M3:
Property mm_ok in circuit2 has no matching property in circuit1
sg13_hv_pmos:322 vs. switched_cap_cell:1/hv_mux4:4/hv_nor:2/sg13_hv_pmos:M3:
 l circuit1: 4e-07   (unresolved expression)  (property type mismatch)
 w circuit1: 4e-05   (unresolved expression)  (property type mismatch)
sg13_hv_pmos:322 vs. switched_cap_cell:1/hv_mux4:4/hv_nor:2/sg13_hv_pmos:M3:
Property mm_ok in circuit2 has no matching property in circuit1
sg13_hv_pmos:918 vs. switched_cap_cell:1/hv_mux4:4/hv_nor:5/sg13_hv_pmos:M4:
 l circuit1: 4e-07   (unresolved expression)  (property type mismatch)
 w circuit1: 4e-05   (unresolved expression)  (property type mismatch)
sg13_hv_pmos:918 vs. switched_cap_cell:1/hv_mux4:4/hv_nor:5/sg13_hv_pmos:M4:
Property mm_ok in circuit2 has no matching property in circuit1
sg13_hv_pmos:1341 vs. switched_cap_cell:1/hv_mux4:4/hv_nor:6/sg13_hv_pmos:M4:
 l circuit1: 4e-07   (unresolved expression)  (property type mismatch)
 w circuit1: 4e-05   (unresolved expression)  (property type mismatch)
sg13_hv_pmos:1341 vs. switched_cap_cell:1/hv_mux4:4/hv_nor:6/sg13_hv_pmos:M4:
Property mm_ok in circuit2 has no matching property in circuit1
sg13_hv_pmos:526 vs. switched_cap_cell:1/hv_mux4:4/hv_nor:4/sg13_hv_pmos:M4:
 l circuit1: 4e-07   (unresolved expression)  (property type mismatch)
 w circuit1: 4e-05   (unresolved expression)  (property type mismatch)
sg13_hv_pmos:526 vs. switched_cap_cell:1/hv_mux4:4/hv_nor:4/sg13_hv_pmos:M4:
Property mm_ok in circuit2 has no matching property in circuit1
sg13_hv_pmos:137 vs. switched_cap_cell:1/hv_mux4:4/hv_nor:2/sg13_hv_pmos:M4:
 l circuit1: 4e-07   (unresolved expression)  (property type mismatch)
 w circuit1: 4e-05   (unresolved expression)  (property type mismatch)
sg13_hv_pmos:137 vs. switched_cap_cell:1/hv_mux4:4/hv_nor:2/sg13_hv_pmos:M4:
Property mm_ok in circuit2 has no matching property in circuit1
sg13_hv_pmos:528 vs. switched_cap_cell:1/vco:5/hv_rs-ff:1/hv_nand:4/sg13_hv_pmos:M3:
 l circuit1: 4e-07   (unresolved expression)  (property type mismatch)
 w circuit1: 4e-05   (unresolved expression)  (property type mismatch)
sg13_hv_pmos:528 vs. switched_cap_cell:1/vco:5/hv_rs-ff:1/hv_nand:4/sg13_hv_pmos:M3:
Property mm_ok in circuit2 has no matching property in circuit1
sg13_hv_pmos:716 vs. switched_cap_cell:1/vco:5/hv_rs-ff:1/hv_nand:4/sg13_hv_pmos:M4:
 l circuit1: 4e-07   (unresolved expression)  (property type mismatch)
 w circuit1: 4e-05   (unresolved expression)  (property type mismatch)
sg13_hv_pmos:716 vs. switched_cap_cell:1/vco:5/hv_rs-ff:1/hv_nand:4/sg13_hv_pmos:M4:
Property mm_ok in circuit2 has no matching property in circuit1
sg13_hv_pmos:134 vs. switched_cap_cell:1/vco:5/sg13_hv_pmos:M6:
Property mm_ok in circuit2 has no matching property in circuit1
sg13_hv_pmos:134 vs. switched_cap_cell:1/vco:5/sg13_hv_pmos:M6:
Property mm_ok in circuit2 has no matching property in circuit1
sg13_hv_pmos:1219 vs. switched_cap_cell:1/vco:5/comp_pmos:5/sg13_hv_pmos:M9:
 l circuit1: 4e-07   "p_l"  (property type mismatch)
 w circuit1: 2e-06   (unresolved expression)  (property type mismatch)
sg13_hv_pmos:1219 vs. switched_cap_cell:1/vco:5/comp_pmos:5/sg13_hv_pmos:M9:
Property mm_ok in circuit2 has no matching property in circuit1
sg13_hv_pmos:1219 vs. switched_cap_cell:1/vco:5/comp_pmos:5/sg13_hv_pmos:M9:
Property mm_ok in circuit2 has no matching property in circuit1
sg13_hv_pmos:974 vs. switched_cap_cell:1/vco:5/comp_pmos:5/sg13_hv_pmos:M12:
 l circuit1: 4e-07   "p_l"  (property type mismatch)
 w circuit1: 2e-06   "p_w"  (property type mismatch)
sg13_hv_pmos:974 vs. switched_cap_cell:1/vco:5/comp_pmos:5/sg13_hv_pmos:M12:
Property mm_ok in circuit2 has no matching property in circuit1
sg13_hv_pmos:974 vs. switched_cap_cell:1/vco:5/comp_pmos:5/sg13_hv_pmos:M12:
Property mm_ok in circuit2 has no matching property in circuit1
sg13_hv_pmos:1043 vs. switched_cap_cell:1/vco:5/comp_nmos:7/sg13_hv_pmos:M1:
 l circuit1: 4e-07   "p_l"  (property type mismatch)
 w circuit1: 2e-06   "p_w"  (property type mismatch)
sg13_hv_pmos:1043 vs. switched_cap_cell:1/vco:5/comp_nmos:7/sg13_hv_pmos:M1:
Property mm_ok in circuit2 has no matching property in circuit1
sg13_hv_pmos:1043 vs. switched_cap_cell:1/vco:5/comp_nmos:7/sg13_hv_pmos:M1:
Property mm_ok in circuit2 has no matching property in circuit1
sg13_hv_pmos:1283 vs. switched_cap_cell:1/vco:5/comp_nmos:7/sg13_hv_pmos:M2:
 l circuit1: 4e-07   "p_l"  (property type mismatch)
 w circuit1: 2e-06   "p_w"  (property type mismatch)
sg13_hv_pmos:1283 vs. switched_cap_cell:1/vco:5/comp_nmos:7/sg13_hv_pmos:M2:
Property mm_ok in circuit2 has no matching property in circuit1
sg13_hv_pmos:1283 vs. switched_cap_cell:1/vco:5/comp_nmos:7/sg13_hv_pmos:M2:
Property mm_ok in circuit2 has no matching property in circuit1
sg13_hv_pmos:1220 vs. switched_cap_cell:1/vco:5/comp_pmos:5/sg13_hv_pmos:M11:
 l circuit1: 4e-07   "p_l"  (property type mismatch)
 w circuit1: 2e-06   "p_w"  (property type mismatch)
sg13_hv_pmos:1220 vs. switched_cap_cell:1/vco:5/comp_pmos:5/sg13_hv_pmos:M11:
Property mm_ok in circuit2 has no matching property in circuit1
sg13_hv_pmos:1220 vs. switched_cap_cell:1/vco:5/comp_pmos:5/sg13_hv_pmos:M11:
Property mm_ok in circuit2 has no matching property in circuit1
sg13_hv_pmos:771 vs. switched_cap_cell:1/vco:5/bias_current_generator:8/sg13_hv_pmos:M25:
 l circuit1: 2e-06   "cm_p_l"  (property type mismatch)
 w circuit1: 2e-05   (unresolved expression)  (property type mismatch)
sg13_hv_pmos:771 vs. switched_cap_cell:1/vco:5/bias_current_generator:8/sg13_hv_pmos:M25:
Property mm_ok in circuit2 has no matching property in circuit1
sg13_hv_pmos:1669 vs. switched_cap_cell:1/vco:5/comp_pmos:5/sg13_hv_pmos:M10:
 l circuit1: 4e-07   "p_l"  (property type mismatch)
 w circuit1: 2e-06   (unresolved expression)  (property type mismatch)
sg13_hv_pmos:1669 vs. switched_cap_cell:1/vco:5/comp_pmos:5/sg13_hv_pmos:M10:
Property mm_ok in circuit2 has no matching property in circuit1
sg13_hv_pmos:1669 vs. switched_cap_cell:1/vco:5/comp_pmos:5/sg13_hv_pmos:M10:
Property mm_ok in circuit2 has no matching property in circuit1
sg13_hv_pmos:1431 vs. switched_cap_cell:1/vco:5/bias_current_generator:8/sg13_hv_pmos:M26:
 l circuit1: 2e-06   "cm_p_l"  (property type mismatch)
 w circuit1: 1e-05   "cm_p_w"  (property type mismatch)
sg13_hv_pmos:1431 vs. switched_cap_cell:1/vco:5/bias_current_generator:8/sg13_hv_pmos:M26:
Property mm_ok in circuit2 has no matching property in circuit1
sg13_hv_pmos:995 vs. switched_cap_cell:1/pulse_shaper_en:3/hv_inverter_40u:10/sg13_hv_pmos:M3:
 l circuit1: 4e-07   (unresolved expression)  (property type mismatch)
 w circuit1: 4e-05   (unresolved expression)  (property type mismatch)
sg13_hv_pmos:995 vs. switched_cap_cell:1/pulse_shaper_en:3/hv_inverter_40u:10/sg13_hv_pmos:M3:
Property mm_ok in circuit2 has no matching property in circuit1
sg13_hv_pmos:120 vs. switched_cap_cell:1/vco:5/voltage_mirror_pmos:2/sg13_hv_pmos:M3:
 l circuit1: 2e-06   "p_l"  (property type mismatch)
 w circuit1: 1e-05   "p_w"  (property type mismatch)
sg13_hv_pmos:120 vs. switched_cap_cell:1/vco:5/voltage_mirror_pmos:2/sg13_hv_pmos:M3:
Property mm_ok in circuit2 has no matching property in circuit1
sg13_hv_pmos:120 vs. switched_cap_cell:1/vco:5/voltage_mirror_pmos:2/sg13_hv_pmos:M3:
Property mm_ok in circuit2 has no matching property in circuit1
sg13_hv_pmos:30 vs. switched_cap_cell:1/pulse_shaper_en:3/hv_inverter_40u:11/sg13_hv_pmos:M3:
 l circuit1: 4e-07   (unresolved expression)  (property type mismatch)
 w circuit1: 4e-05   (unresolved expression)  (property type mismatch)
sg13_hv_pmos:30 vs. switched_cap_cell:1/pulse_shaper_en:3/hv_inverter_40u:11/sg13_hv_pmos:M3:
Property mm_ok in circuit2 has no matching property in circuit1
sg13_hv_pmos:1790 vs. switched_cap_cell:1/pulse_shaper_en:3/hv_inverter_0u3:1/sg13_hv_pmos:M3:
 l circuit1: 4e-07   (unresolved expression)  (property type mismatch)
 w circuit1: 3e-07   (unresolved expression)  (property type mismatch)
sg13_hv_pmos:1790 vs. switched_cap_cell:1/pulse_shaper_en:3/hv_inverter_0u3:1/sg13_hv_pmos:M3:
Property mm_ok in circuit2 has no matching property in circuit1
sg13_hv_pmos:1790 vs. switched_cap_cell:1/pulse_shaper_en:3/hv_inverter_0u3:1/sg13_hv_pmos:M3:
Property mm_ok in circuit2 has no matching property in circuit1
sg13_hv_pmos:450 vs. switched_cap_cell:1/pulse_shaper_en:3/hv_nor:5/sg13_hv_pmos:M3:
 l circuit1: 4e-07   (unresolved expression)  (property type mismatch)
 w circuit1: 4e-05   (unresolved expression)  (property type mismatch)
sg13_hv_pmos:450 vs. switched_cap_cell:1/pulse_shaper_en:3/hv_nor:5/sg13_hv_pmos:M3:
Property mm_ok in circuit2 has no matching property in circuit1
sg13_hv_pmos:413 vs. switched_cap_cell:1/hv_mux4:4/hv_nor4:1/sg13_hv_pmos:M3:
 l circuit1: 4e-07   (unresolved expression)  (property type mismatch)
 w circuit1: 4e-05   (unresolved expression)  (property type mismatch)
sg13_hv_pmos:413 vs. switched_cap_cell:1/hv_mux4:4/hv_nor4:1/sg13_hv_pmos:M3:
Property mm_ok in circuit2 has no matching property in circuit1
sg13_hv_pmos:295 vs. switched_cap_cell:1/vco:5/bias_current_generator:8/sg13_hv_pmos:M27:
 l circuit1: 2e-06   "cm_p_l"  (property type mismatch)
 w circuit1: 1e-05   "cm_p_w"  (property type mismatch)
sg13_hv_pmos:295 vs. switched_cap_cell:1/vco:5/bias_current_generator:8/sg13_hv_pmos:M27:
Property mm_ok in circuit2 has no matching property in circuit1
sg13_hv_pmos:171 vs. switched_cap_cell:1/hv_mux4:4/hv_nor:6/sg13_hv_pmos:M3:
 l circuit1: 4e-07   (unresolved expression)  (property type mismatch)
 w circuit1: 4e-05   (unresolved expression)  (property type mismatch)
sg13_hv_pmos:171 vs. switched_cap_cell:1/hv_mux4:4/hv_nor:6/sg13_hv_pmos:M3:
Property mm_ok in circuit2 has no matching property in circuit1
sg13_hv_pmos:600 vs. switched_cap_cell:1/pulse_shaper_en:3/hv_nor:5/sg13_hv_pmos:M4:
 l circuit1: 4e-07   (unresolved expression)  (property type mismatch)
 w circuit1: 4e-05   (unresolved expression)  (property type mismatch)
sg13_hv_pmos:600 vs. switched_cap_cell:1/pulse_shaper_en:3/hv_nor:5/sg13_hv_pmos:M4:
Property mm_ok in circuit2 has no matching property in circuit1
sg13_hv_pmos:1055 vs. switched_cap_cell:1/pulse_shaper_en:3/hv_nand:4/sg13_hv_pmos:M3:
 l circuit1: 4e-07   (unresolved expression)  (property type mismatch)
 w circuit1: 4e-05   (unresolved expression)  (property type mismatch)
sg13_hv_pmos:1055 vs. switched_cap_cell:1/pulse_shaper_en:3/hv_nand:4/sg13_hv_pmos:M3:
Property mm_ok in circuit2 has no matching property in circuit1
sg13_hv_pmos:655 vs. switched_cap_cell:1/pulse_shaper_en:3/hv_nand:4/sg13_hv_pmos:M4:
 l circuit1: 4e-07   (unresolved expression)  (property type mismatch)
 w circuit1: 4e-05   (unresolved expression)  (property type mismatch)
sg13_hv_pmos:655 vs. switched_cap_cell:1/pulse_shaper_en:3/hv_nand:4/sg13_hv_pmos:M4:
Property mm_ok in circuit2 has no matching property in circuit1
sg13_hv_pmos:954 vs. switched_cap_cell:1/hv_binary_decoder4:7/hv_nand:9/sg13_hv_pmos:M3:
 l circuit1: 4e-07   (unresolved expression)  (property type mismatch)
 w circuit1: 4e-05   (unresolved expression)  (property type mismatch)
sg13_hv_pmos:954 vs. switched_cap_cell:1/hv_binary_decoder4:7/hv_nand:9/sg13_hv_pmos:M3:
Property mm_ok in circuit2 has no matching property in circuit1
sg13_hv_pmos:4 vs. switched_cap_cell:1/hv_binary_decoder4:7/hv_nand:7/sg13_hv_pmos:M4:
 l circuit1: 4e-07   (unresolved expression)  (property type mismatch)
 w circuit1: 4e-05   (unresolved expression)  (property type mismatch)
sg13_hv_pmos:4 vs. switched_cap_cell:1/hv_binary_decoder4:7/hv_nand:7/sg13_hv_pmos:M4:
Property mm_ok in circuit2 has no matching property in circuit1
sg13_hv_pmos:0 vs. switched_cap_cell:1/hv_binary_decoder4:7/hv_nand:7/sg13_hv_pmos:M3:
 l circuit1: 4e-07   (unresolved expression)  (property type mismatch)
 w circuit1: 4e-05   (unresolved expression)  (property type mismatch)
sg13_hv_pmos:0 vs. switched_cap_cell:1/hv_binary_decoder4:7/hv_nand:7/sg13_hv_pmos:M3:
Property mm_ok in circuit2 has no matching property in circuit1
sg13_hv_pmos:279 vs. switched_cap_cell:1/hv_binary_decoder4:7/hv_inverter_40u:3/sg13_hv_pmos:M3:
 l circuit1: 4e-07   (unresolved expression)  (property type mismatch)
 w circuit1: 4e-05   (unresolved expression)  (property type mismatch)
sg13_hv_pmos:279 vs. switched_cap_cell:1/hv_binary_decoder4:7/hv_inverter_40u:3/sg13_hv_pmos:M3:
Property mm_ok in circuit2 has no matching property in circuit1
sg13_hv_pmos:114 vs. switched_cap_cell:1/hv_binary_decoder4:7/hv_inverter_40u:10/sg13_hv_pmos:M3:
 l circuit1: 4e-07   (unresolved expression)  (property type mismatch)
 w circuit1: 4e-05   (unresolved expression)  (property type mismatch)
sg13_hv_pmos:114 vs. switched_cap_cell:1/hv_binary_decoder4:7/hv_inverter_40u:10/sg13_hv_pmos:M3:
Property mm_ok in circuit2 has no matching property in circuit1
sg13_hv_pmos:21 vs. switched_cap_cell:1/hv_binary_decoder4:7/hv_nand:11/sg13_hv_pmos:M3:
 l circuit1: 4e-07   (unresolved expression)  (property type mismatch)
 w circuit1: 4e-05   (unresolved expression)  (property type mismatch)
sg13_hv_pmos:21 vs. switched_cap_cell:1/hv_binary_decoder4:7/hv_nand:11/sg13_hv_pmos:M3:
Property mm_ok in circuit2 has no matching property in circuit1
sg13_hv_pmos:1619 vs. switched_cap_cell:1/osc:1/sg13_hv_pmos:M6:
Property mm_ok in circuit2 has no matching property in circuit1
sg13_hv_pmos:1619 vs. switched_cap_cell:1/osc:1/sg13_hv_pmos:M6:
Property mm_ok in circuit2 has no matching property in circuit1
sg13_hv_pmos:1177 vs. switched_cap_cell:1/hv_binary_decoder4:7/hv_nand:11/sg13_hv_pmos:M4:
 l circuit1: 4e-07   (unresolved expression)  (property type mismatch)
 w circuit1: 4e-05   (unresolved expression)  (property type mismatch)
sg13_hv_pmos:1177 vs. switched_cap_cell:1/hv_binary_decoder4:7/hv_nand:11/sg13_hv_pmos:M4:
Property mm_ok in circuit2 has no matching property in circuit1
sg13_hv_pmos:979 vs. switched_cap_cell:1/vco:5/bias_current_generator:8/sg13_hv_pmos:M1:
 l circuit1: 2e-06   "cm_p_l"  (property type mismatch)
 w circuit1: 1e-05   "cm_p_w"  (property type mismatch)
sg13_hv_pmos:979 vs. switched_cap_cell:1/vco:5/bias_current_generator:8/sg13_hv_pmos:M1:
Property mm_ok in circuit2 has no matching property in circuit1
sg13_hv_pmos:915 vs. switched_cap_cell:1/hv_binary_decoder4:7/hv_nand:8/sg13_hv_pmos:M4:
 l circuit1: 4e-07   (unresolved expression)  (property type mismatch)
 w circuit1: 4e-05   (unresolved expression)  (property type mismatch)
sg13_hv_pmos:915 vs. switched_cap_cell:1/hv_binary_decoder4:7/hv_nand:8/sg13_hv_pmos:M4:
Property mm_ok in circuit2 has no matching property in circuit1
sg13_hv_pmos:588 vs. switched_cap_cell:1/hv_binary_decoder4:7/hv_nand:8/sg13_hv_pmos:M3:
 l circuit1: 4e-07   (unresolved expression)  (property type mismatch)
 w circuit1: 4e-05   (unresolved expression)  (property type mismatch)
sg13_hv_pmos:588 vs. switched_cap_cell:1/hv_binary_decoder4:7/hv_nand:8/sg13_hv_pmos:M3:
Property mm_ok in circuit2 has no matching property in circuit1
sg13_hv_pmos:566 vs. switched_cap_cell:1/hv_binary_decoder4:7/hv_nand:9/sg13_hv_pmos:M4:
 l circuit1: 4e-07   (unresolved expression)  (property type mismatch)
 w circuit1: 4e-05   (unresolved expression)  (property type mismatch)
sg13_hv_pmos:566 vs. switched_cap_cell:1/hv_binary_decoder4:7/hv_nand:9/sg13_hv_pmos:M4:
Property mm_ok in circuit2 has no matching property in circuit1
sg13_hv_pmos:66 vs. switched_cap_cell:1/vco:5/bias_current_generator:8/sg13_hv_pmos:M12:
 l circuit1: 2e-06   "cm_p_l"  (property type mismatch)
 w circuit1: 1e-05   "cm_p_w"  (property type mismatch)
sg13_hv_pmos:66 vs. switched_cap_cell:1/vco:5/bias_current_generator:8/sg13_hv_pmos:M12:
Property mm_ok in circuit2 has no matching property in circuit1
sg13_hv_pmos:31 vs. switched_cap_cell:1/transmission_gate:8/sg13_hv_pmos:M4:
 l circuit1: 4.5e-07   (unresolved expression)  (property type mismatch)
 w circuit1: 0.0001   (unresolved expression)  (property type mismatch)
sg13_hv_pmos:31 vs. switched_cap_cell:1/transmission_gate:8/sg13_hv_pmos:M4:
Property mm_ok in circuit2 has no matching property in circuit1
sg13_hv_pmos:317 vs. switched_cap_cell:1/hv_inverter_40u:9/sg13_hv_pmos:M3:
 l circuit1: 4e-07   (unresolved expression)  (property type mismatch)
 w circuit1: 4e-05   (unresolved expression)  (property type mismatch)
sg13_hv_pmos:317 vs. switched_cap_cell:1/hv_inverter_40u:9/sg13_hv_pmos:M3:
Property mm_ok in circuit2 has no matching property in circuit1
sg13_hv_pmos:1466 vs. switched_cap_cell:1/lvl_shift_up:12/hv_inverter_6u5:4/sg13_hv_pmos:M3:
 l circuit1: 4e-07   (unresolved expression)  (property type mismatch)
 w circuit1: 6.5e-06   (unresolved expression)  (property type mismatch)
sg13_hv_pmos:1466 vs. switched_cap_cell:1/lvl_shift_up:12/hv_inverter_6u5:4/sg13_hv_pmos:M3:
Property mm_ok in circuit2 has no matching property in circuit1
sg13_hv_pmos:1466 vs. switched_cap_cell:1/lvl_shift_up:12/hv_inverter_6u5:4/sg13_hv_pmos:M3:
Property mm_ok in circuit2 has no matching property in circuit1
sg13_hv_pmos:1346 vs. switched_cap_cell:1/lvl_shift_up:11/hv_inverter_6u5:4/sg13_hv_pmos:M3:
 l circuit1: 4e-07   (unresolved expression)  (property type mismatch)
 w circuit1: 6.5e-06   (unresolved expression)  (property type mismatch)
sg13_hv_pmos:1346 vs. switched_cap_cell:1/lvl_shift_up:11/hv_inverter_6u5:4/sg13_hv_pmos:M3:
Property mm_ok in circuit2 has no matching property in circuit1
sg13_hv_pmos:1346 vs. switched_cap_cell:1/lvl_shift_up:11/hv_inverter_6u5:4/sg13_hv_pmos:M3:
Property mm_ok in circuit2 has no matching property in circuit1
sg13_hv_pmos:372 vs. switched_cap_cell:1/hv_inverter_40u:14/sg13_hv_pmos:M3:
 l circuit1: 4e-07   (unresolved expression)  (property type mismatch)
 w circuit1: 4e-05   (unresolved expression)  (property type mismatch)
sg13_hv_pmos:372 vs. switched_cap_cell:1/hv_inverter_40u:14/sg13_hv_pmos:M3:
Property mm_ok in circuit2 has no matching property in circuit1
sg13_hv_pmos:10 vs. switched_cap_cell:1/transmission_gate:16/sg13_hv_pmos:M4:
 l circuit1: 4.5e-07   (unresolved expression)  (property type mismatch)
 w circuit1: 0.0001   (unresolved expression)  (property type mismatch)
sg13_hv_pmos:10 vs. switched_cap_cell:1/transmission_gate:16/sg13_hv_pmos:M4:
Property mm_ok in circuit2 has no matching property in circuit1
sg13_hv_pmos:1777 vs. YadavVCR:5/sg13_hv_pmos:M14:
Property mm_ok in circuit2 has no matching property in circuit1
sg13_hv_pmos:1777 vs. YadavVCR:5/sg13_hv_pmos:M14:
Property mm_ok in circuit2 has no matching property in circuit1
sg13_hv_pmos:1551 vs. YadavVCR:5/sg13_hv_pmos:M18:
Property mm_ok in circuit2 has no matching property in circuit1
sg13_hv_pmos:1551 vs. YadavVCR:5/sg13_hv_pmos:M18:
Property mm_ok in circuit2 has no matching property in circuit1
sg13_hv_pmos:830 vs. switched_cap_cell:1/pulse_shaper_en:3/low_th_inverter:7/sg13_hv_pmos:M2:
 l circuit1: 4e-07   (unresolved expression)  (property type mismatch)
 w circuit1: 2e-06   (unresolved expression)  (property type mismatch)
sg13_hv_pmos:830 vs. switched_cap_cell:1/pulse_shaper_en:3/low_th_inverter:7/sg13_hv_pmos:M2:
Property mm_ok in circuit2 has no matching property in circuit1
sg13_hv_pmos:520 vs. switched_cap_cell:1/vco:5/bias_current_generator:8/sg13_hv_pmos:M13:
 l circuit1: 2e-06   "cm_p_l"  (property type mismatch)
 w circuit1: 1e-05   "cm_p_w"  (property type mismatch)
sg13_hv_pmos:520 vs. switched_cap_cell:1/vco:5/bias_current_generator:8/sg13_hv_pmos:M13:
Property mm_ok in circuit2 has no matching property in circuit1
sg13_hv_pmos:418 vs. switched_cap_cell:1/pulse_shaper_en:3/high_th_inverter:8/sg13_hv_pmos:M2:
 l circuit1: 4e-07   (unresolved expression)  (property type mismatch)
 w circuit1: 2e-05   (unresolved expression)  (property type mismatch)
sg13_hv_pmos:418 vs. switched_cap_cell:1/pulse_shaper_en:3/high_th_inverter:8/sg13_hv_pmos:M2:
Property mm_ok in circuit2 has no matching property in circuit1
sg13_hv_pmos:328 vs. switched_cap_cell:1/vco:5/voltage_mirror_pmos:2/sg13_hv_pmos:M4:
 l circuit1: 2e-06   "p_l"  (property type mismatch)
 w circuit1: 1e-05   "p_w"  (property type mismatch)
sg13_hv_pmos:328 vs. switched_cap_cell:1/vco:5/voltage_mirror_pmos:2/sg13_hv_pmos:M4:
Property mm_ok in circuit2 has no matching property in circuit1
sg13_hv_pmos:328 vs. switched_cap_cell:1/vco:5/voltage_mirror_pmos:2/sg13_hv_pmos:M4:
Property mm_ok in circuit2 has no matching property in circuit1
sg13_hv_pmos:1384 vs. switched_cap_cell:1/vco:5/bias_current_generator:8/sg13_hv_pmos:M11:
 l circuit1: 2e-06   "cm_p_l"  (property type mismatch)
 w circuit1: 1e-05   "cm_p_w"  (property type mismatch)
sg13_hv_pmos:1384 vs. switched_cap_cell:1/vco:5/bias_current_generator:8/sg13_hv_pmos:M11:
Property mm_ok in circuit2 has no matching property in circuit1
sg13_hv_pmos:1380 vs. YadavVCR:5/sg13_hv_pmos:M13:
Property mm_ok in circuit2 has no matching property in circuit1
sg13_hv_pmos:1380 vs. YadavVCR:5/sg13_hv_pmos:M13:
Property mm_ok in circuit2 has no matching property in circuit1
sg13_hv_pmos:1270 vs. YadavVCR:5/sg13_hv_pmos:M16:
Property mm_ok in circuit2 has no matching property in circuit1
sg13_hv_pmos:1270 vs. YadavVCR:5/sg13_hv_pmos:M16:
Property mm_ok in circuit2 has no matching property in circuit1
sg13_hv_pmos:1677 vs. YadavVCR:5/sg13_hv_pmos:M17:
Property mm_ok in circuit2 has no matching property in circuit1
sg13_hv_pmos:1677 vs. YadavVCR:5/sg13_hv_pmos:M17:
Property mm_ok in circuit2 has no matching property in circuit1
sg13_hv_pmos:242 vs. YadavVCR:5/sg13_hv_pmos:M15:
Property mm_ok in circuit2 has no matching property in circuit1
sg13_hv_pmos:242 vs. YadavVCR:5/sg13_hv_pmos:M15:
Property mm_ok in circuit2 has no matching property in circuit1
sg13_hv_pmos:232 vs. switched_cap_cell:1/vco:5/voltage_mirror_pmos:2/sg13_hv_pmos:M6:
 l circuit1: 2e-06   "p_l"  (property type mismatch)
 w circuit1: 1.9e-05   (unresolved expression)  (property type mismatch)
sg13_hv_pmos:232 vs. switched_cap_cell:1/vco:5/voltage_mirror_pmos:2/sg13_hv_pmos:M6:
Property mm_ok in circuit2 has no matching property in circuit1
sg13_hv_pmos:53 vs. analog_switch_3pst:3/transmission_gate:6/sg13_hv_pmos:M4:
 l circuit1: 4.5e-07   (unresolved expression)  (property type mismatch)
 w circuit1: 0.0001   (unresolved expression)  (property type mismatch)
sg13_hv_pmos:53 vs. analog_switch_3pst:3/transmission_gate:6/sg13_hv_pmos:M4:
Property mm_ok in circuit2 has no matching property in circuit1
sg13_hv_pmos:104 vs. analog_switch_3pst:3/transmission_gate:3/sg13_hv_pmos:M4:
 l circuit1: 4.5e-07   (unresolved expression)  (property type mismatch)
 w circuit1: 0.0001   (unresolved expression)  (property type mismatch)
sg13_hv_pmos:104 vs. analog_switch_3pst:3/transmission_gate:3/sg13_hv_pmos:M4:
Property mm_ok in circuit2 has no matching property in circuit1
sg13_hv_pmos:58 vs. analog_switch_3pst:3/transmission_gate:1/sg13_hv_pmos:M4:
 l circuit1: 4.5e-07   (unresolved expression)  (property type mismatch)
 w circuit1: 0.0001   (unresolved expression)  (property type mismatch)
sg13_hv_pmos:58 vs. analog_switch_3pst:3/transmission_gate:1/sg13_hv_pmos:M4:
Property mm_ok in circuit2 has no matching property in circuit1
sg13_hv_pmos:190 vs. analog_switch_3pst:4/transmission_gate:6/sg13_hv_pmos:M4:
 l circuit1: 4.5e-07   (unresolved expression)  (property type mismatch)
 w circuit1: 0.0001   (unresolved expression)  (property type mismatch)
sg13_hv_pmos:190 vs. analog_switch_3pst:4/transmission_gate:6/sg13_hv_pmos:M4:
Property mm_ok in circuit2 has no matching property in circuit1
sg13_hv_pmos:1211 vs. switched_cap_cell:1/hv_inverter_40u:15/sg13_hv_pmos:M3:
 l circuit1: 4e-07   (unresolved expression)  (property type mismatch)
 w circuit1: 4e-05   (unresolved expression)  (property type mismatch)
sg13_hv_pmos:1211 vs. switched_cap_cell:1/hv_inverter_40u:15/sg13_hv_pmos:M3:
Property mm_ok in circuit2 has no matching property in circuit1
sg13_hv_pmos:246 vs. analog_switch_3pst:4/hv_inverter_40u:7/sg13_hv_pmos:M3:
 l circuit1: 4e-07   (unresolved expression)  (property type mismatch)
 w circuit1: 4e-05   (unresolved expression)  (property type mismatch)
sg13_hv_pmos:246 vs. analog_switch_3pst:4/hv_inverter_40u:7/sg13_hv_pmos:M3:
Property mm_ok in circuit2 has no matching property in circuit1
sg13_hv_pmos:221 vs. analog_switch_3pst:3/hv_inverter_40u:7/sg13_hv_pmos:M3:
 l circuit1: 4e-07   (unresolved expression)  (property type mismatch)
 w circuit1: 4e-05   (unresolved expression)  (property type mismatch)
sg13_hv_pmos:221 vs. analog_switch_3pst:3/hv_inverter_40u:7/sg13_hv_pmos:M3:
Property mm_ok in circuit2 has no matching property in circuit1
sg13_hv_pmos:38 vs. analog_switch_3pst:4/transmission_gate:3/sg13_hv_pmos:M4:
 l circuit1: 4.5e-07   (unresolved expression)  (property type mismatch)
 w circuit1: 0.0001   (unresolved expression)  (property type mismatch)
sg13_hv_pmos:38 vs. analog_switch_3pst:4/transmission_gate:3/sg13_hv_pmos:M4:
Property mm_ok in circuit2 has no matching property in circuit1
sg13_hv_pmos:1594 vs. switched_cap_cell:1/lvl_shift_up:13/hv_inverter_6u5:4/sg13_hv_pmos:M3:
 l circuit1: 4e-07   (unresolved expression)  (property type mismatch)
 w circuit1: 6.5e-06   (unresolved expression)  (property type mismatch)
sg13_hv_pmos:1594 vs. switched_cap_cell:1/lvl_shift_up:13/hv_inverter_6u5:4/sg13_hv_pmos:M3:
Property mm_ok in circuit2 has no matching property in circuit1
sg13_hv_pmos:1594 vs. switched_cap_cell:1/lvl_shift_up:13/hv_inverter_6u5:4/sg13_hv_pmos:M3:
Property mm_ok in circuit2 has no matching property in circuit1
sg13_hv_pmos:1014 vs. analog_switch_3pst:3/lvl_shift_up:8/hv_inverter_6u5:4/sg13_hv_pmos:M3:
 l circuit1: 4e-07   (unresolved expression)  (property type mismatch)
 w circuit1: 6.5e-06   (unresolved expression)  (property type mismatch)
sg13_hv_pmos:1014 vs. analog_switch_3pst:3/lvl_shift_up:8/hv_inverter_6u5:4/sg13_hv_pmos:M3:
Property mm_ok in circuit2 has no matching property in circuit1
sg13_hv_pmos:1014 vs. analog_switch_3pst:3/lvl_shift_up:8/hv_inverter_6u5:4/sg13_hv_pmos:M3:
Property mm_ok in circuit2 has no matching property in circuit1
sg13_hv_pmos:842 vs. analog_switch_3pst:4/lvl_shift_up:8/hv_inverter_6u5:4/sg13_hv_pmos:M3:
 l circuit1: 4e-07   (unresolved expression)  (property type mismatch)
 w circuit1: 6.5e-06   (unresolved expression)  (property type mismatch)
sg13_hv_pmos:842 vs. analog_switch_3pst:4/lvl_shift_up:8/hv_inverter_6u5:4/sg13_hv_pmos:M3:
Property mm_ok in circuit2 has no matching property in circuit1
sg13_hv_pmos:842 vs. analog_switch_3pst:4/lvl_shift_up:8/hv_inverter_6u5:4/sg13_hv_pmos:M3:
Property mm_ok in circuit2 has no matching property in circuit1
sg13_hv_pmos:99 vs. analog_switch_3pst:4/transmission_gate:1/sg13_hv_pmos:M4:
 l circuit1: 4.5e-07   (unresolved expression)  (property type mismatch)
 w circuit1: 0.0001   (unresolved expression)  (property type mismatch)
sg13_hv_pmos:99 vs. analog_switch_3pst:4/transmission_gate:1/sg13_hv_pmos:M4:
Property mm_ok in circuit2 has no matching property in circuit1
sg13_hv_pmos:379 vs. vcr_bisection:8/voltage_sum:4/opamp_rtr:1/sg13_hv_pmos:XM1:
 l circuit1: 2e-06   (unresolved expression)  (property type mismatch)
 w circuit1: 1.5e-05   (unresolved expression)  (property type mismatch)
sg13_hv_pmos:379 vs. vcr_bisection:8/voltage_sum:4/opamp_rtr:1/sg13_hv_pmos:XM1:
Property mm_ok in circuit2 has no matching property in circuit1
sg13_hv_pmos:462 vs. vcr_bisection:8/voltage_sum:4/opamp_rtr:1/sg13_hv_pmos:XM2:
 l circuit1: 2e-06   (unresolved expression)  (property type mismatch)
 w circuit1: 1.5e-05   (unresolved expression)  (property type mismatch)
sg13_hv_pmos:462 vs. vcr_bisection:8/voltage_sum:4/opamp_rtr:1/sg13_hv_pmos:XM2:
Property mm_ok in circuit2 has no matching property in circuit1
sg13_hv_pmos:51 vs. vcr_bisection:8/voltage_sum:4/opamp_rtr:1/sg13_hv_pmos:XM11:
 l circuit1: 1e-06   (unresolved expression)  (property type mismatch)
 w circuit1: 6e-05   (unresolved expression)  (property type mismatch)
sg13_hv_pmos:51 vs. vcr_bisection:8/voltage_sum:4/opamp_rtr:1/sg13_hv_pmos:XM11:
Property mm_ok in circuit2 has no matching property in circuit1
sg13_hv_pmos:60 vs. vcr_bisection:8/voltage_sum:4/opamp_rtr:1/sg13_hv_pmos:DUMMY5:
Property mm_ok in circuit2 has no matching property in circuit1
sg13_hv_pmos:250 vs. vcr_bisection:8/opamp_rtr:1/sg13_hv_pmos:XM2:
 l circuit1: 2e-06   (unresolved expression)  (property type mismatch)
 w circuit1: 1.5e-05   (unresolved expression)  (property type mismatch)
sg13_hv_pmos:250 vs. vcr_bisection:8/opamp_rtr:1/sg13_hv_pmos:XM2:
Property mm_ok in circuit2 has no matching property in circuit1
sg13_hv_pmos:619 vs. vcr_bisection:8/opamp_rtr:2/sg13_hv_pmos:XM1:
 l circuit1: 2e-06   (unresolved expression)  (property type mismatch)
 w circuit1: 1.5e-05   (unresolved expression)  (property type mismatch)
sg13_hv_pmos:619 vs. vcr_bisection:8/opamp_rtr:2/sg13_hv_pmos:XM1:
Property mm_ok in circuit2 has no matching property in circuit1
sg13_hv_pmos:472 vs. vcr_bisection:8/opamp_rtr:1/sg13_hv_pmos:XM1:
 l circuit1: 2e-06   (unresolved expression)  (property type mismatch)
 w circuit1: 1.5e-05   (unresolved expression)  (property type mismatch)
sg13_hv_pmos:472 vs. vcr_bisection:8/opamp_rtr:1/sg13_hv_pmos:XM1:
Property mm_ok in circuit2 has no matching property in circuit1
sg13_hv_pmos:50 vs. vcr_bisection:8/opamp_rtr:2/sg13_hv_pmos:XM2:
 l circuit1: 2e-06   (unresolved expression)  (property type mismatch)
 w circuit1: 1.5e-05   (unresolved expression)  (property type mismatch)
sg13_hv_pmos:50 vs. vcr_bisection:8/opamp_rtr:2/sg13_hv_pmos:XM2:
Property mm_ok in circuit2 has no matching property in circuit1
sg13_hv_pmos:1167 vs. vcr_bisection:8/opamp_rtr:1/sg13_hv_pmos:XM3:
 l circuit1: 4e-06   (unresolved expression)  (property type mismatch)
 w circuit1: 1.5e-05   (unresolved expression)  (property type mismatch)
sg13_hv_pmos:1167 vs. vcr_bisection:8/opamp_rtr:1/sg13_hv_pmos:XM3:
Property mm_ok in circuit2 has no matching property in circuit1
sg13_hv_pmos:1029 vs. vcr_bisection:8/opamp_rtr:2/sg13_hv_pmos:XM3:
 l circuit1: 4e-06   (unresolved expression)  (property type mismatch)
 w circuit1: 1.5e-05   (unresolved expression)  (property type mismatch)
sg13_hv_pmos:1029 vs. vcr_bisection:8/opamp_rtr:2/sg13_hv_pmos:XM3:
Property mm_ok in circuit2 has no matching property in circuit1
sg13_hv_pmos:233 vs. vcr_bisection:8/voltage_sum:4/opamp_rtr:1/sg13_hv_pmos:XM3:
 l circuit1: 4e-06   (unresolved expression)  (property type mismatch)
 w circuit1: 1.5e-05   (unresolved expression)  (property type mismatch)
sg13_hv_pmos:233 vs. vcr_bisection:8/voltage_sum:4/opamp_rtr:1/sg13_hv_pmos:XM3:
Property mm_ok in circuit2 has no matching property in circuit1
sg13_hv_pmos:195 vs. vcr_bisection:8/voltage_sum:4/opamp_rtr:1/sg13_hv_pmos:XM9:
 l circuit1: 4e-06   (unresolved expression)  (property type mismatch)
 w circuit1: 1.5e-05   (unresolved expression)  (property type mismatch)
sg13_hv_pmos:195 vs. vcr_bisection:8/voltage_sum:4/opamp_rtr:1/sg13_hv_pmos:XM9:
Property mm_ok in circuit2 has no matching property in circuit1
sg13_hv_pmos:85 vs. vcr_bisection:8/opamp_rtr:2/sg13_hv_pmos:XM9:
 l circuit1: 4e-06   (unresolved expression)  (property type mismatch)
 w circuit1: 1.5e-05   (unresolved expression)  (property type mismatch)
sg13_hv_pmos:85 vs. vcr_bisection:8/opamp_rtr:2/sg13_hv_pmos:XM9:
Property mm_ok in circuit2 has no matching property in circuit1
sg13_hv_pmos:70 vs. vcr_bisection:8/opamp_rtr:1/sg13_hv_pmos:XM9:
 l circuit1: 4e-06   (unresolved expression)  (property type mismatch)
 w circuit1: 1.5e-05   (unresolved expression)  (property type mismatch)
sg13_hv_pmos:70 vs. vcr_bisection:8/opamp_rtr:1/sg13_hv_pmos:XM9:
Property mm_ok in circuit2 has no matching property in circuit1
sg13_hv_pmos:426 vs. vcr_bisection:8/voltage_sum:4/opamp_rtr:1/sg13_hv_pmos:XM25:
 l circuit1: 1e-06   (unresolved expression)  (property type mismatch)
 w circuit1: 1.5e-05   (unresolved expression)  (property type mismatch)
sg13_hv_pmos:426 vs. vcr_bisection:8/voltage_sum:4/opamp_rtr:1/sg13_hv_pmos:XM25:
Property mm_ok in circuit2 has no matching property in circuit1
sg13_hv_pmos:127 vs. vcr_bisection:8/opamp_rtr:1/sg13_hv_pmos:XM25:
 l circuit1: 1e-06   (unresolved expression)  (property type mismatch)
 w circuit1: 1.5e-05   (unresolved expression)  (property type mismatch)
sg13_hv_pmos:127 vs. vcr_bisection:8/opamp_rtr:1/sg13_hv_pmos:XM25:
Property mm_ok in circuit2 has no matching property in circuit1
sg13_hv_pmos:11 vs. vcr_bisection:8/opamp_rtr:2/sg13_hv_pmos:XM25:
 l circuit1: 1e-06   (unresolved expression)  (property type mismatch)
 w circuit1: 1.5e-05   (unresolved expression)  (property type mismatch)
sg13_hv_pmos:11 vs. vcr_bisection:8/opamp_rtr:2/sg13_hv_pmos:XM25:
Property mm_ok in circuit2 has no matching property in circuit1
sg13_hv_pmos:1443 vs. switched_cap_cell:1/vco:5/hv_inverter_6u5:3/sg13_hv_pmos:M3:
 l circuit1: 4e-07   (unresolved expression)  (property type mismatch)
 w circuit1: 6.5e-06   (unresolved expression)  (property type mismatch)
sg13_hv_pmos:1443 vs. switched_cap_cell:1/vco:5/hv_inverter_6u5:3/sg13_hv_pmos:M3:
Property mm_ok in circuit2 has no matching property in circuit1
sg13_hv_pmos:1443 vs. switched_cap_cell:1/vco:5/hv_inverter_6u5:3/sg13_hv_pmos:M3:
Property mm_ok in circuit2 has no matching property in circuit1
sg13_hv_pmos:1280 vs. switched_cap_cell:1/vco:5/comp_nmos:7/sg13_hv_pmos:M6:
 l circuit1: 4e-07   "p_l"  (property type mismatch)
 w circuit1: 2e-06   "p_w"  (property type mismatch)
sg13_hv_pmos:1280 vs. switched_cap_cell:1/vco:5/comp_nmos:7/sg13_hv_pmos:M6:
Property mm_ok in circuit2 has no matching property in circuit1
sg13_hv_pmos:1280 vs. switched_cap_cell:1/vco:5/comp_nmos:7/sg13_hv_pmos:M6:
Property mm_ok in circuit2 has no matching property in circuit1
sg13_hv_pmos:1077 vs. switched_cap_cell:1/vco:5/bias_current_generator:8/current_reference_40uA:4/sg13_hv_pmos:M1:
 l circuit1: 2e-06   "p_l"  (property type mismatch)
 w circuit1: 1e-05   "p_w"  (property type mismatch)
sg13_hv_pmos:1077 vs. switched_cap_cell:1/vco:5/bias_current_generator:8/current_reference_40uA:4/sg13_hv_pmos:M1:
Property mm_ok in circuit2 has no matching property in circuit1
sg13_hv_pmos:1077 vs. switched_cap_cell:1/vco:5/bias_current_generator:8/current_reference_40uA:4/sg13_hv_pmos:M1:
Property mm_ok in circuit2 has no matching property in circuit1
sg13_hv_pmos:993 vs. switched_cap_cell:1/vco:5/hv_inverter_6u5:6/sg13_hv_pmos:M3:
 l circuit1: 4e-07   (unresolved expression)  (property type mismatch)
 w circuit1: 6.5e-06   (unresolved expression)  (property type mismatch)
sg13_hv_pmos:993 vs. switched_cap_cell:1/vco:5/hv_inverter_6u5:6/sg13_hv_pmos:M3:
Property mm_ok in circuit2 has no matching property in circuit1
sg13_hv_pmos:993 vs. switched_cap_cell:1/vco:5/hv_inverter_6u5:6/sg13_hv_pmos:M3:
Property mm_ok in circuit2 has no matching property in circuit1
sg13_hv_pmos:608 vs. vcr_bisection:8/voltage_sum:4/opamp_rtr:1/sg13_hv_pmos:XM10:
 l circuit1: 4e-06   (unresolved expression)  (property type mismatch)
 w circuit1: 1.5e-05   (unresolved expression)  (property type mismatch)
sg13_hv_pmos:608 vs. vcr_bisection:8/voltage_sum:4/opamp_rtr:1/sg13_hv_pmos:XM10:
Property mm_ok in circuit2 has no matching property in circuit1
sg13_hv_pmos:467 vs. switched_cap_cell:1/lvl_shift_up:10/hv_inverter_6u5:4/sg13_hv_pmos:M3:
 l circuit1: 4e-07   (unresolved expression)  (property type mismatch)
 w circuit1: 6.5e-06   (unresolved expression)  (property type mismatch)
sg13_hv_pmos:467 vs. switched_cap_cell:1/lvl_shift_up:10/hv_inverter_6u5:4/sg13_hv_pmos:M3:
Property mm_ok in circuit2 has no matching property in circuit1
sg13_hv_pmos:467 vs. switched_cap_cell:1/lvl_shift_up:10/hv_inverter_6u5:4/sg13_hv_pmos:M3:
Property mm_ok in circuit2 has no matching property in circuit1
sg13_hv_pmos:626 vs. vcr_bisection:8/voltage_sum:4/opamp_rtr:1/sg13_hv_pmos:XM29:
 l circuit1: 4e-06   (unresolved expression)  (property type mismatch)
 w circuit1: 1.5e-05   (unresolved expression)  (property type mismatch)
sg13_hv_pmos:626 vs. vcr_bisection:8/voltage_sum:4/opamp_rtr:1/sg13_hv_pmos:XM29:
Property mm_ok in circuit2 has no matching property in circuit1
sg13_hv_pmos:518 vs. vcr_bisection:8/opamp_rtr:1/sg13_hv_pmos:XM29:
 l circuit1: 4e-06   (unresolved expression)  (property type mismatch)
 w circuit1: 1.5e-05   (unresolved expression)  (property type mismatch)
sg13_hv_pmos:518 vs. vcr_bisection:8/opamp_rtr:1/sg13_hv_pmos:XM29:
Property mm_ok in circuit2 has no matching property in circuit1
sg13_hv_pmos:194 vs. vcr_bisection:8/opamp_rtr:2/sg13_hv_pmos:XM29:
 l circuit1: 4e-06   (unresolved expression)  (property type mismatch)
 w circuit1: 1.5e-05   (unresolved expression)  (property type mismatch)
sg13_hv_pmos:194 vs. vcr_bisection:8/opamp_rtr:2/sg13_hv_pmos:XM29:
Property mm_ok in circuit2 has no matching property in circuit1
sg13_hv_pmos:282 vs. vcr_bisection:8/opamp_rtr:1/sg13_hv_pmos:XM10:
 l circuit1: 4e-06   (unresolved expression)  (property type mismatch)
 w circuit1: 1.5e-05   (unresolved expression)  (property type mismatch)
sg13_hv_pmos:282 vs. vcr_bisection:8/opamp_rtr:1/sg13_hv_pmos:XM10:
Property mm_ok in circuit2 has no matching property in circuit1
sg13_hv_pmos:176 vs. vcr_bisection:8/opamp_rtr:2/sg13_hv_pmos:XM10:
 l circuit1: 4e-06   (unresolved expression)  (property type mismatch)
 w circuit1: 1.5e-05   (unresolved expression)  (property type mismatch)
sg13_hv_pmos:176 vs. vcr_bisection:8/opamp_rtr:2/sg13_hv_pmos:XM10:
Property mm_ok in circuit2 has no matching property in circuit1
sg13_hv_pmos:523 vs. vcr_bisection:8/voltage_sum:4/opamp_rtr:1/sg13_hv_pmos:XM30:
 l circuit1: 4e-06   (unresolved expression)  (property type mismatch)
 w circuit1: 1.5e-05   (unresolved expression)  (property type mismatch)
sg13_hv_pmos:523 vs. vcr_bisection:8/voltage_sum:4/opamp_rtr:1/sg13_hv_pmos:XM30:
Property mm_ok in circuit2 has no matching property in circuit1
sg13_hv_pmos:517 vs. vcr_bisection:8/opamp_rtr:1/sg13_hv_pmos:XM30:
 l circuit1: 4e-06   (unresolved expression)  (property type mismatch)
 w circuit1: 1.5e-05   (unresolved expression)  (property type mismatch)
sg13_hv_pmos:517 vs. vcr_bisection:8/opamp_rtr:1/sg13_hv_pmos:XM30:
Property mm_ok in circuit2 has no matching property in circuit1
sg13_hv_pmos:97 vs. vcr_bisection:8/opamp_rtr:2/sg13_hv_pmos:XM30:
 l circuit1: 4e-06   (unresolved expression)  (property type mismatch)
 w circuit1: 1.5e-05   (unresolved expression)  (property type mismatch)
sg13_hv_pmos:97 vs. vcr_bisection:8/opamp_rtr:2/sg13_hv_pmos:XM30:
Property mm_ok in circuit2 has no matching property in circuit1
sg13_hv_pmos:1683 vs. vcr_bisection:8/opamp_rtr:1/sg13_hv_pmos:XM14:
 l circuit1: 1e-06   (unresolved expression)  (property type mismatch)
 w circuit1: 1.5e-05   (unresolved expression)  (property type mismatch)
sg13_hv_pmos:1683 vs. vcr_bisection:8/opamp_rtr:1/sg13_hv_pmos:XM14:
Property mm_ok in circuit2 has no matching property in circuit1
sg13_hv_pmos:1544 vs. vcr_bisection:8/opamp_rtr:2/sg13_hv_pmos:XM14:
 l circuit1: 1e-06   (unresolved expression)  (property type mismatch)
 w circuit1: 1.5e-05   (unresolved expression)  (property type mismatch)
sg13_hv_pmos:1544 vs. vcr_bisection:8/opamp_rtr:2/sg13_hv_pmos:XM14:
Property mm_ok in circuit2 has no matching property in circuit1
sg13_hv_pmos:709 vs. vcr_bisection:8/voltage_sum:4/opamp_rtr:1/sg13_hv_pmos:XM14:
 l circuit1: 1e-06   (unresolved expression)  (property type mismatch)
 w circuit1: 1.5e-05   (unresolved expression)  (property type mismatch)
sg13_hv_pmos:709 vs. vcr_bisection:8/voltage_sum:4/opamp_rtr:1/sg13_hv_pmos:XM14:
Property mm_ok in circuit2 has no matching property in circuit1
sg13_hv_pmos:316 vs. vcr_bisection:8/opamp_rtr:1/sg13_hv_pmos:XM15:
 l circuit1: 4e-06   (unresolved expression)  (property type mismatch)
 w circuit1: 1.5e-05   (unresolved expression)  (property type mismatch)
sg13_hv_pmos:316 vs. vcr_bisection:8/opamp_rtr:1/sg13_hv_pmos:XM15:
Property mm_ok in circuit2 has no matching property in circuit1
sg13_hv_pmos:218 vs. vcr_bisection:8/voltage_sum:4/opamp_rtr:1/sg13_hv_pmos:XM15:
 l circuit1: 4e-06   (unresolved expression)  (property type mismatch)
 w circuit1: 1.5e-05   (unresolved expression)  (property type mismatch)
sg13_hv_pmos:218 vs. vcr_bisection:8/voltage_sum:4/opamp_rtr:1/sg13_hv_pmos:XM15:
Property mm_ok in circuit2 has no matching property in circuit1
sg13_hv_pmos:174 vs. vcr_bisection:8/opamp_rtr:2/sg13_hv_pmos:XM15:
 l circuit1: 4e-06   (unresolved expression)  (property type mismatch)
 w circuit1: 1.5e-05   (unresolved expression)  (property type mismatch)
sg13_hv_pmos:174 vs. vcr_bisection:8/opamp_rtr:2/sg13_hv_pmos:XM15:
Property mm_ok in circuit2 has no matching property in circuit1
sg13_hv_pmos:648 vs. vcr_bisection:8/voltage_sum:4/opamp_rtr:1/sg13_hv_pmos:XM17:
 l circuit1: 4e-06   (unresolved expression)  (property type mismatch)
 w circuit1: 1.5e-05   (unresolved expression)  (property type mismatch)
sg13_hv_pmos:648 vs. vcr_bisection:8/voltage_sum:4/opamp_rtr:1/sg13_hv_pmos:XM17:
Property mm_ok in circuit2 has no matching property in circuit1
sg13_hv_pmos:639 vs. vcr_bisection:8/opamp_rtr:1/sg13_hv_pmos:XM17:
 l circuit1: 4e-06   (unresolved expression)  (property type mismatch)
 w circuit1: 1.5e-05   (unresolved expression)  (property type mismatch)
sg13_hv_pmos:639 vs. vcr_bisection:8/opamp_rtr:1/sg13_hv_pmos:XM17:
Property mm_ok in circuit2 has no matching property in circuit1
sg13_hv_pmos:501 vs. vcr_bisection:8/opamp_rtr:2/sg13_hv_pmos:XM17:
 l circuit1: 4e-06   (unresolved expression)  (property type mismatch)
 w circuit1: 1.5e-05   (unresolved expression)  (property type mismatch)
sg13_hv_pmos:501 vs. vcr_bisection:8/opamp_rtr:2/sg13_hv_pmos:XM17:
Property mm_ok in circuit2 has no matching property in circuit1
sg13_hv_pmos:1218 vs. switched_cap_cell:1/vco:5/comp_pmos:5/sg13_hv_pmos:M13:
 l circuit1: 4e-07   "p_l"  (property type mismatch)
 w circuit1: 2e-06   "p_w"  (property type mismatch)
sg13_hv_pmos:1218 vs. switched_cap_cell:1/vco:5/comp_pmos:5/sg13_hv_pmos:M13:
Property mm_ok in circuit2 has no matching property in circuit1
sg13_hv_pmos:1218 vs. switched_cap_cell:1/vco:5/comp_pmos:5/sg13_hv_pmos:M13:
Property mm_ok in circuit2 has no matching property in circuit1
sg13_hv_pmos:1376 vs. vcr_bisection:8/voltage_sum:4/opamp_rtr:1/sg13_hv_pmos:XM21:
 l circuit1: 1e-06   (unresolved expression)  (property type mismatch)
 w circuit1: 1.5e-05   (unresolved expression)  (property type mismatch)
sg13_hv_pmos:1376 vs. vcr_bisection:8/voltage_sum:4/opamp_rtr:1/sg13_hv_pmos:XM21:
Property mm_ok in circuit2 has no matching property in circuit1
sg13_hv_pmos:515 vs. vcr_bisection:8/opamp_rtr:1/sg13_hv_pmos:XM21:
 l circuit1: 1e-06   (unresolved expression)  (property type mismatch)
 w circuit1: 1.5e-05   (unresolved expression)  (property type mismatch)
sg13_hv_pmos:515 vs. vcr_bisection:8/opamp_rtr:1/sg13_hv_pmos:XM21:
Property mm_ok in circuit2 has no matching property in circuit1
sg13_hv_pmos:386 vs. vcr_bisection:8/opamp_rtr:2/sg13_hv_pmos:XM21:
 l circuit1: 1e-06   (unresolved expression)  (property type mismatch)
 w circuit1: 1.5e-05   (unresolved expression)  (property type mismatch)
sg13_hv_pmos:386 vs. vcr_bisection:8/opamp_rtr:2/sg13_hv_pmos:XM21:
Property mm_ok in circuit2 has no matching property in circuit1
sg13_hv_pmos:248 vs. vcr_bisection:8/opamp_rtr:1/sg13_hv_pmos:XM22:
 l circuit1: 1e-06   (unresolved expression)  (property type mismatch)
 w circuit1: 1.5e-05   (unresolved expression)  (property type mismatch)
sg13_hv_pmos:248 vs. vcr_bisection:8/opamp_rtr:1/sg13_hv_pmos:XM22:
Property mm_ok in circuit2 has no matching property in circuit1
sg13_hv_pmos:230 vs. vcr_bisection:8/voltage_sum:4/opamp_rtr:1/sg13_hv_pmos:XM22:
 l circuit1: 1e-06   (unresolved expression)  (property type mismatch)
 w circuit1: 1.5e-05   (unresolved expression)  (property type mismatch)
sg13_hv_pmos:230 vs. vcr_bisection:8/voltage_sum:4/opamp_rtr:1/sg13_hv_pmos:XM22:
Property mm_ok in circuit2 has no matching property in circuit1
sg13_hv_pmos:105 vs. vcr_bisection:8/opamp_rtr:2/sg13_hv_pmos:XM22:
 l circuit1: 1e-06   (unresolved expression)  (property type mismatch)
 w circuit1: 1.5e-05   (unresolved expression)  (property type mismatch)
sg13_hv_pmos:105 vs. vcr_bisection:8/opamp_rtr:2/sg13_hv_pmos:XM22:
Property mm_ok in circuit2 has no matching property in circuit1
sg13_hv_pmos:393 vs. vcr_bisection:8/opamp_rtr:1/sg13_hv_pmos:XM11:
 l circuit1: 1e-06   (unresolved expression)  (property type mismatch)
 w circuit1: 6e-05   (unresolved expression)  (property type mismatch)
sg13_hv_pmos:393 vs. vcr_bisection:8/opamp_rtr:1/sg13_hv_pmos:XM11:
Property mm_ok in circuit2 has no matching property in circuit1
sg13_hv_pmos:258 vs. vcr_bisection:8/opamp_rtr:2/sg13_hv_pmos:XM11:
 l circuit1: 1e-06   (unresolved expression)  (property type mismatch)
 w circuit1: 6e-05   (unresolved expression)  (property type mismatch)
sg13_hv_pmos:258 vs. vcr_bisection:8/opamp_rtr:2/sg13_hv_pmos:XM11:
Property mm_ok in circuit2 has no matching property in circuit1
sg13_hv_pmos:605 vs. vcr_bisection:8/opamp_rtr:1/sg13_hv_pmos:DUMMY10:
Property mm_ok in circuit2 has no matching property in circuit1
sg13_hv_pmos:461 vs. vcr_bisection:8/opamp_rtr:2/sg13_hv_pmos:DUMMY10:
Property mm_ok in circuit2 has no matching property in circuit1
sg13_hv_pmos:124 vs. vcr_bisection:8/voltage_sum:4/opamp_rtr:1/sg13_hv_pmos:DUMMY10:
Property mm_ok in circuit2 has no matching property in circuit1
sg13_hv_pmos:692 vs. vcr_bisection:8/opamp_rtr:1/sg13_hv_pmos:DUMMY3:
Property mm_ok in circuit2 has no matching property in circuit1
sg13_hv_pmos:259 vs. vcr_bisection:8/voltage_sum:4/opamp_rtr:1/sg13_hv_pmos:DUMMY3:
Property mm_ok in circuit2 has no matching property in circuit1
sg13_hv_pmos:107 vs. vcr_bisection:8/opamp_rtr:2/sg13_hv_pmos:DUMMY3:
Property mm_ok in circuit2 has no matching property in circuit1
sg13_hv_pmos:219 vs. vcr_bisection:8/voltage_sum:4/opamp_rtr:1/sg13_hv_pmos:XB3:
 l circuit1: 4e-06   (unresolved expression)  (property type mismatch)
 w circuit1: 1.5e-05   (unresolved expression)  (property type mismatch)
sg13_hv_pmos:219 vs. vcr_bisection:8/voltage_sum:4/opamp_rtr:1/sg13_hv_pmos:XB3:
Property mm_ok in circuit2 has no matching property in circuit1
sg13_hv_pmos:724 vs. vcr_bisection:8/opamp_rtr:1/sg13_hv_pmos:XB3:
 l circuit1: 4e-06   (unresolved expression)  (property type mismatch)
 w circuit1: 1.5e-05   (unresolved expression)  (property type mismatch)
sg13_hv_pmos:724 vs. vcr_bisection:8/opamp_rtr:1/sg13_hv_pmos:XB3:
Property mm_ok in circuit2 has no matching property in circuit1
sg13_hv_pmos:610 vs. vcr_bisection:8/opamp_rtr:2/sg13_hv_pmos:XB3:
 l circuit1: 4e-06   (unresolved expression)  (property type mismatch)
 w circuit1: 1.5e-05   (unresolved expression)  (property type mismatch)
sg13_hv_pmos:610 vs. vcr_bisection:8/opamp_rtr:2/sg13_hv_pmos:XB3:
Property mm_ok in circuit2 has no matching property in circuit1
sg13_hv_pmos:460 vs. vcr_bisection:8/isource_beta:5/sg13_hv_pmos:M2:
Property mm_ok in circuit2 has no matching property in circuit1
sg13_hv_pmos:349 vs. vcr_bisection:8/isource_beta:6/sg13_hv_pmos:M2:
Property mm_ok in circuit2 has no matching property in circuit1
sg13_hv_pmos:100 vs. vcr_bisection:8/isource_beta:3/sg13_hv_pmos:M2:
Property mm_ok in circuit2 has no matching property in circuit1
sg13_hv_pmos:323 vs. switched_cap_cell:1/vco:5/hv_rs-ff:1/hv_nand:5/sg13_hv_pmos:M4:
 l circuit1: 4e-07   (unresolved expression)  (property type mismatch)
 w circuit1: 4e-05   (unresolved expression)  (property type mismatch)
sg13_hv_pmos:323 vs. switched_cap_cell:1/vco:5/hv_rs-ff:1/hv_nand:5/sg13_hv_pmos:M4:
Property mm_ok in circuit2 has no matching property in circuit1
sg13_hv_pmos:321 vs. vcr_bisection:8/voltage_sum:4/opamp_rtr:1/sg13_hv_pmos:XM23:
 l circuit1: 4e-06   (unresolved expression)  (property type mismatch)
 w circuit1: 1.5e-05   (unresolved expression)  (property type mismatch)
sg13_hv_pmos:321 vs. vcr_bisection:8/voltage_sum:4/opamp_rtr:1/sg13_hv_pmos:XM23:
Property mm_ok in circuit2 has no matching property in circuit1
sg13_hv_pmos:315 vs. vcr_bisection:8/opamp_rtr:1/sg13_hv_pmos:XM23:
 l circuit1: 4e-06   (unresolved expression)  (property type mismatch)
 w circuit1: 1.5e-05   (unresolved expression)  (property type mismatch)
sg13_hv_pmos:315 vs. vcr_bisection:8/opamp_rtr:1/sg13_hv_pmos:XM23:
Property mm_ok in circuit2 has no matching property in circuit1
sg13_hv_pmos:172 vs. vcr_bisection:8/opamp_rtr:2/sg13_hv_pmos:XM23:
 l circuit1: 4e-06   (unresolved expression)  (property type mismatch)
 w circuit1: 1.5e-05   (unresolved expression)  (property type mismatch)
sg13_hv_pmos:172 vs. vcr_bisection:8/opamp_rtr:2/sg13_hv_pmos:XM23:
Property mm_ok in circuit2 has no matching property in circuit1
sg13_hv_pmos:95 vs. vcr_bisection:8/isource_beta:3/sg13_hv_pmos:M5:
Property mm_ok in circuit2 has no matching property in circuit1
sg13_hv_pmos:463 vs. vcr_bisection:8/isource_beta:5/sg13_hv_pmos:M5:
Property mm_ok in circuit2 has no matching property in circuit1
sg13_hv_pmos:387 vs. vcr_bisection:8/isource_beta:6/sg13_hv_pmos:M5:
Property mm_ok in circuit2 has no matching property in circuit1
sg13_hv_pmos:425 vs. vcr_bisection:8/isource_beta:3/sg13_hv_pmos:M1:
Property mm_ok in circuit2 has no matching property in circuit1
sg13_hv_pmos:65 vs. vcr_bisection:8/isource_beta:6/sg13_hv_pmos:M1:
Property mm_ok in circuit2 has no matching property in circuit1
sg13_hv_pmos:39 vs. vcr_bisection:8/isource_beta:5/sg13_hv_pmos:M1:
Property mm_ok in circuit2 has no matching property in circuit1
sg13_hv_pmos:991 vs. vcr_bisection:8/isource_beta:3/sg13_hv_pmos:MS1:
Property mm_ok in circuit2 has no matching property in circuit1
sg13_hv_pmos:991 vs. vcr_bisection:8/isource_beta:3/sg13_hv_pmos:MS1:
Property mm_ok in circuit2 has no matching property in circuit1
sg13_hv_pmos:858 vs. vcr_bisection:8/isource_beta:5/sg13_hv_pmos:MS1:
Property mm_ok in circuit2 has no matching property in circuit1
sg13_hv_pmos:858 vs. vcr_bisection:8/isource_beta:5/sg13_hv_pmos:MS1:
Property mm_ok in circuit2 has no matching property in circuit1
sg13_hv_pmos:310 vs. vcr_bisection:8/isource_beta:6/sg13_hv_pmos:MS1:
Property mm_ok in circuit2 has no matching property in circuit1
sg13_hv_pmos:310 vs. vcr_bisection:8/isource_beta:6/sg13_hv_pmos:MS1:
Property mm_ok in circuit2 has no matching property in circuit1
sg13_hv_pmos:734 vs. switched_cap_cell:1/lvl_shift_up:13/sg13_hv_pmos:M2:
 l circuit1: 4.5e-07   (unresolved expression)  (property type mismatch)
 w circuit1: 2e-06   (unresolved expression)  (property type mismatch)
sg13_hv_pmos:734 vs. switched_cap_cell:1/lvl_shift_up:13/sg13_hv_pmos:M2:
Property mm_ok in circuit2 has no matching property in circuit1
sg13_hv_pmos:1111 vs. analog_switch_3pst:3/lvl_shift_up:8/sg13_hv_pmos:M2:
 l circuit1: 4.5e-07   (unresolved expression)  (property type mismatch)
 w circuit1: 2e-06   (unresolved expression)  (property type mismatch)
sg13_hv_pmos:1111 vs. analog_switch_3pst:3/lvl_shift_up:8/sg13_hv_pmos:M2:
Property mm_ok in circuit2 has no matching property in circuit1
sg13_hv_pmos:877 vs. analog_switch_3pst:4/lvl_shift_up:8/sg13_hv_pmos:M2:
 l circuit1: 4.5e-07   (unresolved expression)  (property type mismatch)
 w circuit1: 2e-06   (unresolved expression)  (property type mismatch)
sg13_hv_pmos:877 vs. analog_switch_3pst:4/lvl_shift_up:8/sg13_hv_pmos:M2:
Property mm_ok in circuit2 has no matching property in circuit1
sg13_hv_pmos:522 vs. switched_cap_cell:1/lvl_shift_up:11/sg13_hv_pmos:M2:
 l circuit1: 4.5e-07   (unresolved expression)  (property type mismatch)
 w circuit1: 2e-06   (unresolved expression)  (property type mismatch)
sg13_hv_pmos:522 vs. switched_cap_cell:1/lvl_shift_up:11/sg13_hv_pmos:M2:
Property mm_ok in circuit2 has no matching property in circuit1
sg13_hv_pmos:429 vs. switched_cap_cell:1/lvl_shift_up:12/sg13_hv_pmos:M2:
 l circuit1: 4.5e-07   (unresolved expression)  (property type mismatch)
 w circuit1: 2e-06   (unresolved expression)  (property type mismatch)
sg13_hv_pmos:429 vs. switched_cap_cell:1/lvl_shift_up:12/sg13_hv_pmos:M2:
Property mm_ok in circuit2 has no matching property in circuit1
sg13_hv_pmos:261 vs. switched_cap_cell:1/lvl_shift_up:10/sg13_hv_pmos:M2:
 l circuit1: 4.5e-07   (unresolved expression)  (property type mismatch)
 w circuit1: 2e-06   (unresolved expression)  (property type mismatch)
sg13_hv_pmos:261 vs. switched_cap_cell:1/lvl_shift_up:10/sg13_hv_pmos:M2:
Property mm_ok in circuit2 has no matching property in circuit1
sg13_hv_pmos:490 vs. lvl_shift_up:10/sg13_hv_pmos:M2:
 l circuit1: 4.5e-07   (unresolved expression)  (property type mismatch)
 w circuit1: 2e-06   (unresolved expression)  (property type mismatch)
sg13_hv_pmos:490 vs. lvl_shift_up:10/sg13_hv_pmos:M2:
Property mm_ok in circuit2 has no matching property in circuit1
sg13_hv_pmos:366 vs. lvl_shift_up:9/sg13_hv_pmos:M2:
 l circuit1: 4.5e-07   (unresolved expression)  (property type mismatch)
 w circuit1: 2e-06   (unresolved expression)  (property type mismatch)
sg13_hv_pmos:366 vs. lvl_shift_up:9/sg13_hv_pmos:M2:
Property mm_ok in circuit2 has no matching property in circuit1
sg13_hv_pmos:287 vs. lvl_shift_up:11/sg13_hv_pmos:M2:
 l circuit1: 4.5e-07   (unresolved expression)  (property type mismatch)
 w circuit1: 2e-06   (unresolved expression)  (property type mismatch)
sg13_hv_pmos:287 vs. lvl_shift_up:11/sg13_hv_pmos:M2:
Property mm_ok in circuit2 has no matching property in circuit1
sg13_hv_pmos:729 vs. lvl_shift_up:17/sg13_hv_pmos:M2:
 l circuit1: 4.5e-07   (unresolved expression)  (property type mismatch)
 w circuit1: 2e-06   (unresolved expression)  (property type mismatch)
sg13_hv_pmos:729 vs. lvl_shift_up:17/sg13_hv_pmos:M2:
Property mm_ok in circuit2 has no matching property in circuit1
sg13_hv_pmos:151 vs. lvl_shift_up:41/sg13_hv_pmos:M2:
 l circuit1: 4.5e-07   (unresolved expression)  (property type mismatch)
 w circuit1: 2e-06   (unresolved expression)  (property type mismatch)
sg13_hv_pmos:151 vs. lvl_shift_up:41/sg13_hv_pmos:M2:
Property mm_ok in circuit2 has no matching property in circuit1
sg13_hv_pmos:980 vs. lvl_shift_up:41/hv_inverter_6u5:4/sg13_hv_pmos:M3:
 l circuit1: 4e-07   (unresolved expression)  (property type mismatch)
 w circuit1: 6.5e-06   (unresolved expression)  (property type mismatch)
sg13_hv_pmos:980 vs. lvl_shift_up:41/hv_inverter_6u5:4/sg13_hv_pmos:M3:
Property mm_ok in circuit2 has no matching property in circuit1
sg13_hv_pmos:980 vs. lvl_shift_up:41/hv_inverter_6u5:4/sg13_hv_pmos:M3:
Property mm_ok in circuit2 has no matching property in circuit1
sg13_hv_pmos:671 vs. switched_cap_cell:1/vco:5/bias_current_generator:8/current_reference_40uA:4/sg13_hv_pmos:M6:
 l circuit1: 2e-06   "p_l"  (property type mismatch)
 w circuit1: 1e-05   "p_w"  (property type mismatch)
sg13_hv_pmos:671 vs. switched_cap_cell:1/vco:5/bias_current_generator:8/current_reference_40uA:4/sg13_hv_pmos:M6:
Property mm_ok in circuit2 has no matching property in circuit1
sg13_hv_pmos:671 vs. switched_cap_cell:1/vco:5/bias_current_generator:8/current_reference_40uA:4/sg13_hv_pmos:M6:
Property mm_ok in circuit2 has no matching property in circuit1
sg13_hv_pmos:437 vs. lvl_shift_up:17/hv_inverter_6u5:4/sg13_hv_pmos:M3:
 l circuit1: 4e-07   (unresolved expression)  (property type mismatch)
 w circuit1: 6.5e-06   (unresolved expression)  (property type mismatch)
sg13_hv_pmos:437 vs. lvl_shift_up:17/hv_inverter_6u5:4/sg13_hv_pmos:M3:
Property mm_ok in circuit2 has no matching property in circuit1
sg13_hv_pmos:437 vs. lvl_shift_up:17/hv_inverter_6u5:4/sg13_hv_pmos:M3:
Property mm_ok in circuit2 has no matching property in circuit1
sg13_hv_pmos:113 vs. switched_cap_cell:1/vco:5/hv_rs-ff:1/hv_nand:5/sg13_hv_pmos:M3:
 l circuit1: 4e-07   (unresolved expression)  (property type mismatch)
 w circuit1: 4e-05   (unresolved expression)  (property type mismatch)
sg13_hv_pmos:113 vs. switched_cap_cell:1/vco:5/hv_rs-ff:1/hv_nand:5/sg13_hv_pmos:M3:
Property mm_ok in circuit2 has no matching property in circuit1
sg13_hv_pmos:22 vs. lvl_shift_up:9/hv_inverter_6u5:4/sg13_hv_pmos:M3:
 l circuit1: 4e-07   (unresolved expression)  (property type mismatch)
 w circuit1: 6.5e-06   (unresolved expression)  (property type mismatch)
sg13_hv_pmos:22 vs. lvl_shift_up:9/hv_inverter_6u5:4/sg13_hv_pmos:M3:
Property mm_ok in circuit2 has no matching property in circuit1
sg13_hv_pmos:22 vs. lvl_shift_up:9/hv_inverter_6u5:4/sg13_hv_pmos:M3:
Property mm_ok in circuit2 has no matching property in circuit1
sg13_hv_pmos:848 vs. lvl_shift_up:10/hv_inverter_6u5:4/sg13_hv_pmos:M3:
 l circuit1: 4e-07   (unresolved expression)  (property type mismatch)
 w circuit1: 6.5e-06   (unresolved expression)  (property type mismatch)
sg13_hv_pmos:848 vs. lvl_shift_up:10/hv_inverter_6u5:4/sg13_hv_pmos:M3:
Property mm_ok in circuit2 has no matching property in circuit1
sg13_hv_pmos:848 vs. lvl_shift_up:10/hv_inverter_6u5:4/sg13_hv_pmos:M3:
Property mm_ok in circuit2 has no matching property in circuit1
sg13_hv_pmos:128 vs. lvl_shift_up:11/hv_inverter_6u5:4/sg13_hv_pmos:M3:
 l circuit1: 4e-07   (unresolved expression)  (property type mismatch)
 w circuit1: 6.5e-06   (unresolved expression)  (property type mismatch)
sg13_hv_pmos:128 vs. lvl_shift_up:11/hv_inverter_6u5:4/sg13_hv_pmos:M3:
Property mm_ok in circuit2 has no matching property in circuit1
sg13_hv_pmos:128 vs. lvl_shift_up:11/hv_inverter_6u5:4/sg13_hv_pmos:M3:
Property mm_ok in circuit2 has no matching property in circuit1

Subcircuit pins:
Circuit 1: heichips26_vcr                  |Circuit 2: heichips26_vcr                  
-------------------------------------------|-------------------------------------------
analog_0                                   |analog_0                                   
analog_1                                   |analog_1                                   
VPWR                                       |VPWR                                       
uo_out[7]                                  |uo_out[7]                                  
uio_in[4]                                  |uio_in[4]                                  
ui_in[4]                                   |ui_in[4]                                   
ui_in[3]                                   |ui_in[3]                                   
ui_in[5]                                   |ui_in[5]                                   
ui_in[2]                                   |ui_in[2]                                   
ui_in[6]                                   |ui_in[6]                                   
uio_in[7]                                  |uio_in[7]                                  
uio_in[6]                                  |uio_in[6]                                  
uio_in[5]                                  |uio_in[5]                                  
ui_in[0]                                   |ui_in[0]                                   
ui_in[1]                                   |ui_in[1]                                   
VGND                                       |VGND                                       
VAPWR                                      |VAPWR                                      
analog_2                                   |analog_2                                   
uo_out[0]                                  |uo_out[0]                                  
clk                                        |clk                                        
ena                                        |ena                                        
rst_n                                      |rst_n                                      
ui_in[7]                                   |ui_in[7]                                   
uio_in[0]                                  |uio_in[0]                                  
uio_in[1]                                  |uio_in[1]                                  
uio_in[2]                                  |uio_in[2]                                  
uio_in[3]                                  |uio_in[3]                                  
uio_oe[0]                                  |uio_oe[0]                                  
uio_oe[1]                                  |uio_oe[1]                                  
uio_oe[2]                                  |uio_oe[2]                                  
uio_oe[3]                                  |uio_oe[3]                                  
uio_oe[4]                                  |uio_oe[4]                                  
uio_oe[5]                                  |uio_oe[5]                                  
uio_oe[6]                                  |uio_oe[6]                                  
uio_oe[7]                                  |uio_oe[7]                                  
uio_out[0]                                 |uio_out[0]                                 
uio_out[1]                                 |uio_out[1]                                 
uio_out[2]                                 |uio_out[2]                                 
uio_out[3]                                 |uio_out[3]                                 
uio_out[4]                                 |uio_out[4]                                 
uio_out[5]                                 |uio_out[5]                                 
uio_out[6]                                 |uio_out[6]                                 
uio_out[7]                                 |uio_out[7]                                 
uo_out[1]                                  |uo_out[1]                                  
uo_out[2]                                  |uo_out[2]                                  
uo_out[3]                                  |uo_out[3]                                  
uo_out[4]                                  |uo_out[4]                                  
uo_out[5]                                  |uo_out[5]                                  
uo_out[6]                                  |uo_out[6]                                  
---------------------------------------------------------------------------------------
Cell pin lists are equivalent.
Device classes heichips26_vcr and heichips26_vcr are equivalent.

Final result: Circuits match uniquely.
Property errors were found.

The following cells had property errors:
 heichips26_vcr
